Material,UndDoItem,QtdePedida,QtdePedUnd,QtdeAtendida,QtdeAtendUnd,DtCriacao,DtEntrada,Custo,data_extracao,codigo_loja
3122490,"29,00","166,00","20,00","157,00","20,00",20220910,20111027,"23,85",20220920,60
3136675,"29,00","70,00","14,00","61,00","14,00",20220906,20220912,"24,61",20221001,111
3140750,"37,00","46,00","12,00","37,00","12,00",20220914,20220919,"22,2",20220927,74
3129489,"30,00","39,00","12,00","30,00","12,00",20220911,20220916,"26,37",20220927,32
3128875,"25,00","46,00","13,00","37,00","13,00",20220911,20220921,"28,42",20221001,81
3122490,"29,00","54,00","13,00","45,00","13,00",20220818,20220823,"25,04",20220918,66
3109948,"30,00","379,00","32,00","370,00","32,00",20220928,00000000,"25,46",20221001,44
3124509,"43,00","52,00","12,00","43,00","12,00",20220926,20220929,"22,6",20221001,16
2851568,"25,00","34,00","12,00","25,00","12,00",20220902,20220906,"32,26",20220918,49
3104119,"17,00","26,00","12,00","17,00","12,00",20220907,20220918,"105,65",20220924,112
3145584,"14,00","30,00","19,00","21,00","19,00",20220927,20221004,"207,74",20221009,82
3103331,"19,00","28,00","12,00","19,00","12,00",20220822,20220901,"30,86",20220925,4
3140600,"37,00","70,00","13,00","61,00","13,00",20220916,20220921,"22,21",20220925,83
3134935,"27,00","36,00","12,00","27,00","12,00",20220924,20220930,"23,34",20221001,105
1032289,"19,00","28,00","12,00","19,00","12,00",20220914,20220917,"27,15",20221001,39
3145035,"30,00","73,00","14,00","64,00","14,00",20220813,20220818,"24,34",20220914,59
3144862,"25,00","34,00","12,00","25,00","12,00",20220810,20220829,"24,58",20220914,102
2950511,"25,00","34,00","12,00","25,00","12,00",20220813,20220822,"24,58",20220914,90
3150865,"29,00","118,00","17,00","109,00","17,00",20220913,20220922,"24,61",20221001,36
3146062,"43,00","112,00","14,00","103,00","14,00",20220924,20220930,"24,41",20221004,24
3124362,"30,00","158,00","19,00","47,00","13,00",20220914,20220915,"25,42",20220925,16
3109948,"30,00","124,00","17,00","115,00","17,00",20220910,20111027,"24,39",20220925,60
3145851,"14,00","26,00","15,00","17,00","15,00",20220913,20220924,"130,38",20220925,17
3134914,"14,00","32,00","21,00","23,00","21,00",20220820,20220827,"137,91",20220920,23
3141021,"14,00","44,00","33,00","35,00","33,00",20220912,20220922,"100,69",20221001,111
2950511,"25,00","34,00","12,00","25,00","12,00",20220903,20220921,"24,61",20220927,95
3128885,"25,00","34,00","12,00","25,00","12,00",20220828,20220901,"28,34",20220918,19
3135879,"31,00","58,00","13,00","49,00","13,00",20220912,00000000,"23,1",20220918,29
3109678,"19,00","28,00","12,00","19,00","12,00",20220907,00000000,"40,56",20220918,115
3139148,"31,00","148,00","18,00","139,00","18,00",20220919,20220930,"23,37",20221001,29
3136597,"14,00","34,00","23,00","15,00","13,00",20220909,20220915,"37,54",20220925,11
3125449,"19,00","28,00","12,00","19,00","12,00",20220823,20220830,"49,36",20220918,41
3126441,"14,00","24,00","13,00","15,00","13,00",20220913,20220921,"121,51",20220924,81
2851568,"25,00","106,00","18,00","97,00","18,00",20220915,20220920,"32,269999999999996",20220924,12
3134935,"27,00","232,00","26,00","55,00","14,00",20220916,20220921,"23,45",20220927,95
3113814,"19,00","28,00","12,00","19,00","12,00",20220915,20220922,"25,89",20220927,6
3124984,"19,00","28,00","12,00","19,00","12,00",20221003,20221006,"32,69",20221009,106
3133258,"25,00","34,00","12,00","25,00","12,00",20220830,20220910,"24,63",20220918,84
3133492,"29,00","38,00","12,00","29,00","12,00",20220903,20220909,"24,6",20221001,58
3151185,"19,00","28,00","12,00","19,00","12,00",20220922,20220927,"48,25",20221001,70
3102562,"19,00","28,00","12,00","19,00","12,00",20220919,20220927,"55,0",20221001,20
3122490,"29,00","86,00","15,00","77,00","15,00",20220830,20220913,"23,85",20220925,4
3141346,"14,00","24,00","13,00","15,00","13,00",20220917,00000000,"111,60000000000001",20220925,29
3144717,"19,00","28,00","12,00","19,00","12,00",20220907,00000000,"34,07",20220914,96
3150865,"29,00","566,00","45,00","557,00","45,00",20220920,20220924,"25,19",20221001,71
3134967,"14,00","23,00","12,00","14,00","12,00",20220904,20220908,"83,1",20220925,6
3101896,"14,00","26,00","15,00","17,00","15,00",20220910,20220919,"71,34",20220925,60
3130998,"14,00","24,00","13,00","15,00","13,00",20220817,20220822,"140,79999999999998",20220920,16
3113198,"43,00","52,00","12,00","43,00","12,00",20220914,00000000,"31,33",20220920,69
3129894,"43,00","52,00","12,00","43,00","12,00",20220913,00000000,"28,03",20220920,55
3134935,"27,00","36,00","12,00","27,00","12,00",20220914,00000000,"23,34",20220920,108
1034193,"19,00","28,00","12,00","19,00","12,00",20220908,20220914,"25,92",20220927,103
3129894,"43,00","832,00","38,00","43,00","12,00",20220901,20220927,"28,65",20221001,20
3137157,"29,00","38,00","12,00","29,00","12,00",20220914,20220920,"22,63",20221001,53
1033848,"19,00","28,00","12,00","19,00","12,00",20220918,00000000,"26,81",20221001,112
3102367,"31,00","40,00","12,00","31,00","12,00",20220830,20220907,"23,04",20220918,77
3122536,"29,00","38,00","12,00","29,00","12,00",20220830,20220908,"24,56",20220918,3
1034231,"19,00","28,00","12,00","19,00","12,00",20220909,20220915,"27,15",20221001,89
3137301,"25,00","46,00","13,00","37,00","13,00",20220915,20220921,"22,49",20221001,83
3124362,"30,00","39,00","12,00","30,00","12,00",20220914,20220919,"25,46",20220925,47
3072654,"17,00","26,00","12,00","17,00","12,00",20220828,20220902,"43,1",20220925,81
3109948,"30,00","124,00","17,00","115,00","17,00",20220820,20220829,"25,38",20220918,31
3113732,"37,00","358,00","25,00","349,00","25,00",20220907,20220914,"23,48",20220918,82
3140750,"37,00","46,00","12,00","37,00","12,00",20220914,00000000,"22,08",20220924,50
2851568,"25,00","94,00","17,00","85,00","17,00",20220915,20220919,"32,26",20220924,9
3150083,"19,00","28,00","12,00","19,00","12,00",20220916,20220919,"39,05",20220924,39
3137033,"29,00","38,00","12,00","29,00","12,00",20220914,20220922,"22,91",20220927,76
3137654,"14,00","23,00","12,00","14,00","12,00",20220911,20220920,"139,21",20220925,35
3146889,"14,00","23,00","12,00","14,00","12,00",20220902,20220907,"153,15",20220925,7
3145696,"25,00","34,00","12,00","25,00","12,00",20220903,20220912,"23,78",20220925,30
3124362,"30,00","73,00","14,00","64,00","14,00",20220914,00000000,"25,46",20220918,69
3134935,"27,00","50,00","13,00","41,00","13,00",20220918,00000000,"23,94",20220925,35
3128123,"18,00","27,00","12,00","18,00","12,00",20220907,20220916,"47,769999999999996",20220925,22
3126127,"25,00","58,00","14,00","49,00","14,00",20220920,20220924,"29,41",20220925,9
2851568,"25,00","46,00","13,00","37,00","13,00",20220926,20220928,"32,269999999999996",20221004,9
3130733,"19,00","28,00","12,00","19,00","12,00",20220901,20220910,"31,96",20221004,47
3109861,"30,00","90,00","15,00","81,00","15,00",20220917,20220923,"25,38",20220925,2
3130043,"37,00","142,00","16,00","133,00","16,00",20220920,00000000,"29,28",20220925,46
3000096,"43,00","172,00","16,00","163,00","16,00",20220810,20220819,"22,26",20220920,17
1033218,"19,00","28,00","12,00","19,00","12,00",20220823,20220826,"49,370000000000005",20220920,27
3131679,"14,00","23,00","12,00","14,00","12,00",20220901,20220906,"72,09",20221001,16
2948861,"14,00","24,00","13,00","15,00","13,00",20220906,20220921,"60,83",20220927,80
3125914,"28,00","37,00","12,00","28,00","12,00",20220903,20220912,"25,41",20220927,42
3152111,"25,00","142,00","21,00","133,00","21,00",20220921,20220926,"24,13",20220927,85
3145241,"25,00","58,00","14,00","49,00","14,00",20220919,20220923,"24,07",20220927,89
3134935,"27,00","50,00","13,00","41,00","13,00",20220914,20220915,"23,95",20221001,12
3116789,"14,00","23,00","12,00","14,00","12,00",20220903,20220909,"98,65",20221001,74
1034044,"14,00","23,00","12,00","14,00","12,00",20220828,20220903,"31,52",20220918,44
3109717,"19,00","28,00","12,00","19,00","12,00",20220828,20220830,"46,260000000000005",20220918,16
3139181,"14,00","23,00","12,00","14,00","12,00",20220820,20220825,"152,27",20220918,52
3136305,"19,00","58,00","17,00","49,00","17,00",20220906,20220912,"50,519999999999996",20220925,23
3122460,"29,00","118,00","17,00","109,00","17,00",20220827,20220906,"24,33",20220918,32
3129884,"43,00","202,00","17,00","193,00","17,00",20220902,20220909,"30,79",20220927,88
3150875,"29,00","70,00","14,00","61,00","14,00",20221001,20221007,"24,73",20221009,82
3109861,"30,00","124,00","17,00","115,00","17,00",20221004,00000000,"25,33",20221009,62
3146303,"19,00","28,00","12,00","19,00","12,00",20220820,20220901,"46,04",20220918,99
3125412,"37,00","46,00","12,00","37,00","12,00",20220908,20220920,"27,67",20220925,70
3113732,"37,00","1462,00","71,00","1453,00","71,00",20220926,00000000,"23,46",20221001,23
3137242,"17,00","26,00","12,00","17,00","12,00",20220905,20220910,"66,33",20221004,11
3145651,"29,00","38,00","12,00","29,00","12,00",20220927,00000000,"23,31",20221004,72
3129894,"43,00","322,00","21,00","313,00","21,00",20220902,20220906,"30,34",20220925,80
2917109,"15,00","24,00","12,00","15,00","12,00",20220906,20220915,"93,59",20220923,10
3135916,"25,00","34,00","12,00","25,00","12,00",20220830,00000000,"26,9",20220914,10
2989715,"14,00","23,00","12,00","14,00","12,00",20220830,20220906,"63,75",20220914,54
3136675,"29,00","102,00","16,00","93,00","16,00",20220905,20220910,"25,18",20221005,9
3128885,"25,00","34,00","12,00","25,00","12,00",20220928,20221001,"26,62",20221005,43
3113746,"109,00","982,00","21,00","973,00","21,00",20220907,20220923,"23,42",20221004,87
3138795,"28,00","37,00","12,00","28,00","12,00",20220912,20220917,"25,42",20221004,18
3001753,"14,00","23,00","12,00","14,00","12,00",20220928,00000000,"102,17",20221004,96
3100062,"25,00","70,00","15,00","61,00","15,00",20220908,20220915,"28,29",20220925,31
3103915,"14,00","23,00","12,00","14,00","12,00",20220919,20220923,"177,87",20220925,16
3150454,"19,00","28,00","12,00","19,00","12,00",20220827,20220912,"63,92",20220925,84
3113746,"109,00","3094,00","43,00","2893,00","41,00",20220902,20220907,"23,42",20220918,42
3109717,"19,00","34,00","13,00","25,00","13,00",20220902,20220913,"47,019999999999996",20220918,66
3131253,"37,00","46,00","12,00","37,00","12,00",20220902,20220912,"28,32",20220918,103
1033119,"17,00","26,00","12,00","17,00","12,00",20220913,00000000,"30,63",20220918,98
3137984,"14,00","31,00","20,00","22,00","20,00",20220927,00000000,"110,98",20221001,82
2851568,"25,00","58,00","14,00","49,00","14,00",20220909,20220915,"32,28",20221001,111
3102515,"19,00","28,00","12,00","19,00","12,00",20221003,00000000,"74,75",20221009,54
3113746,"109,00","6646,00","80,00","6349,00","77,00",20220901,20220912,"23,0",20221001,116
3146330,"19,00","28,00","12,00","19,00","12,00",20220914,20220926,"42,92",20221001,112
3116789,"14,00","24,00","13,00","15,00","13,00",20220813,20220819,"86,87",20220914,3
3087865,"19,00","58,00","17,00","19,00","12,00",20220917,00000000,"43,89",20220920,42
3128965,"14,00","23,00","12,00","14,00","12,00",20220903,20220908,"141,92",20220920,42
3135086,"25,00","34,00","12,00","25,00","12,00",20220826,20220901,"25,35",20220920,24
3107083,"17,00","26,00","12,00","17,00","12,00",20220705,20220708,"41,730000000000004",20220719,28
3122460,"29,00","166,00","20,00","157,00","20,00",20220913,20220921,"23,85",20221001,36
3152209,"73,00","82,00","12,00","73,00","12,00",20220917,20220927,"27,759999999999998",20221001,66
3129884,"43,00","412,00","24,00","403,00","24,00",20220907,20220914,"28,82",20221001,93
3139181,"14,00","23,00","12,00","14,00","12,00",20220914,20220919,"150,43",20221004,107
3108445,"21,00","86,00","19,00","21,00","12,00",20220922,00000000,"38,58",20221004,4
3137157,"29,00","38,00","12,00","29,00","12,00",20220916,20220924,"22,61",20221009,55
3128885,"25,00","34,00","12,00","25,00","12,00",20220825,20220903,"26,5",20220927,90
3128885,"25,00","34,00","12,00","25,00","12,00",20220917,00000000,"28,02",20220927,56
3111642,"14,00","24,00","13,00","15,00","13,00",20220921,00000000,"96,33",20220927,42
3137984,"14,00","25,00","14,00","16,00","14,00",20220908,20220912,"143,34",20220914,111
3113746,"109,00","2326,00","35,00","2317,00","35,00",20220902,20220909,"23,02",20220914,12
2897266,"25,00","34,00","12,00","25,00","12,00",20220820,20220827,"36,79",20220914,29
3100447,"25,00","34,00","12,00","25,00","12,00",20220921,20220926,"23,92",20221005,72
3129440,"30,00","39,00","12,00","30,00","12,00",20220902,20220908,"27,42",20221005,6
3147485,"19,00","28,00","12,00","19,00","12,00",20220914,20220919,"47,04",20221005,11
3146686,"14,00","24,00","13,00","15,00","13,00",20220922,20220929,"249,1",20221004,82
3134935,"27,00","36,00","12,00","27,00","12,00",20220918,00000000,"23,94",20220925,98
3125797,"16,00","31,00","14,00","22,00","14,00",20220829,20220901,"93,38000000000001",20220925,19
3122490,"29,00","38,00","12,00","29,00","12,00",20220919,00000000,"24,69",20220925,77
3144806,"21,00","30,00","12,00","21,00","12,00",20220905,20220909,"57,0",20220920,39
2947674,"25,00","34,00","12,00","25,00","12,00",20220829,20220902,"23,83",20220920,27
3129054,"25,00","34,00","12,00","25,00","12,00",20220916,00000000,"28,34",20220920,35
1031001,"18,00","27,00","12,00","18,00","12,00",20220905,20220913,"27,0",20220918,11
3137657,"14,00","26,00","15,00","17,00","15,00",20220826,20220830,"82,38",20220918,17
3124362,"30,00","56,00","13,00","47,00","13,00",20220908,20220912,"25,46",20220918,30
3146062,"43,00","112,00","14,00","103,00","14,00",20220924,00000000,"24,509999999999998",20221001,29
3132878,"14,00","23,00","12,00","14,00","12,00",20220928,20221006,"334,9",20221009,37
3136616,"14,00","24,00","13,00","15,00","13,00",20220913,20220921,"35,91",20221001,34
3136675,"29,00","86,00","15,00","77,00","15,00",20220923,20220926,"25,18",20221001,72
1033558,"15,00","24,00","12,00","15,00","12,00",20220713,00000000,"44,59",20220719,50
3145651,"29,00","70,00","14,00","61,00","14,00",20220715,00000000,"23,31",20220719,9
2864449,"37,00","46,00","12,00","37,00","12,00",20220927,20221005,"27,21",20221009,110
3136656,"14,00","24,00","13,00","15,00","13,00",20220909,20220927,"40,489999999999995",20221009,96
3130043,"37,00","142,00","16,00","133,00","16,00",20220924,20220930,"32,129999999999995",20221009,57
3128957,"14,00","27,00","16,00","18,00","16,00",20220923,20220926,"180,85",20221009,19
1032151,"19,00","28,00","12,00","19,00","12,00",20220905,20220910,"34,46",20220927,44
3129054,"25,00","46,00","13,00","37,00","13,00",20220918,00000000,"26,61",20220923,23
3118963,"14,00","26,00","15,00","17,00","15,00",20220828,20220903,"117,56",20220923,7
2855533,"14,00","23,00","12,00","14,00","12,00",20220815,20220818,"61,260000000000005",20220914,19
3125856,"16,00","28,00","13,00","19,00","13,00",20220814,20220823,"71,68",20220914,20
3108152,"18,00","27,00","12,00","18,00","12,00",20220831,20220909,"93,82000000000001",20220914,53
3131849,"25,00","34,00","12,00","25,00","12,00",20220928,00000000,"30,0",20221004,17
3114175,"14,00","23,00","12,00","14,00","12,00",20220925,00000000,"242,01",20221004,113
3133492,"29,00","38,00","12,00","29,00","12,00",20220903,20220914,"23,74",20220925,100
1033218,"19,00","46,00","15,00","37,00","15,00",20220828,20220831,"49,370000000000005",20220925,27
873949,"25,00","70,00","15,00","61,00","15,00",20220818,20220822,"23,99",20220918,1
2948861,"14,00","27,00","16,00","18,00","16,00",20220822,20220827,"63,650000000000006",20220918,4
3125914,"28,00","37,00","12,00","28,00","12,00",20220916,00000000,"25,46",20221001,38
3138795,"28,00","37,00","12,00","28,00","12,00",20220923,20220928,"25,46",20221009,24
2917109,"15,00","26,00","13,00","17,00","13,00",20220917,20220928,"93,67",20221001,20
3139111,"14,00","24,00","13,00","0,00","0,00",20220924,00000000,"353,72999999999996",20221001,26
3140750,"37,00","46,00","12,00","37,00","12,00",20220910,20220916,"22,169999999999998",20221009,32
3137129,"14,00","24,00","13,00","15,00","13,00",20220914,20220922,"216,83",20221009,73
3113732,"37,00","334,00","24,00","325,00","24,00",20220907,20220917,"23,39",20220927,93
3109948,"30,00","56,00","13,00","47,00","13,00",20220905,20220912,"25,52",20220923,72
3140919,"14,00","24,00","13,00","15,00","13,00",20220926,20221004,"40,3",20221005,3
3145806,"43,00","52,00","12,00","43,00","12,00",20220927,00000000,"25,68",20221005,113
3139737,"61,00","70,00","12,00","61,00","12,00",20220912,20220915,"28,42",20221004,44
3116688,"15,00","26,00","13,00","17,00","13,00",20220915,20220930,"145,32",20221004,29
3113198,"43,00","112,00","14,00","103,00","14,00",20220913,20220915,"31,29",20220925,19
3100448,"37,00","46,00","12,00","37,00","12,00",20220828,20220903,"24,759999999999998",20220925,80
3109862,"30,00","175,00","20,00","166,00","20,00",20220831,20220905,"25,62",20220920,9
3116789,"14,00","26,00","15,00","17,00","15,00",20220907,00000000,"96,67",20220920,81
3145851,"14,00","25,00","14,00","16,00","14,00",20220825,20220831,"103,25",20220920,31
3136616,"14,00","24,00","13,00","15,00","13,00",20220913,00000000,"35,91",20220918,62
3109948,"30,00","56,00","13,00","47,00","13,00",20220907,00000000,"24,3",20220918,96
3150215,"17,00","26,00","12,00","17,00","12,00",20220827,20220905,"71,6",20220918,100
3000096,"43,00","52,00","12,00","43,00","12,00",20220908,00000000,"22,26",20220918,59
3120180,"25,00","46,00","13,00","37,00","13,00",20220917,20220924,"39,61",20221001,23
3133993,"17,00","26,00","12,00","17,00","12,00",20220926,20220929,"47,620000000000005",20221001,16
3103277,"19,00","28,00","12,00","19,00","12,00",20220919,20220927,"72,16",20221009,4
3136656,"14,00","29,00","18,00","20,00","18,00",20220913,20220922,"40,7",20221001,6
3113198,"43,00","52,00","12,00","43,00","12,00",20220914,20220930,"28,67",20221001,113
3129884,"43,00","172,00","16,00","163,00","16,00",20220902,20220912,"29,92",20220914,103
3122460,"29,00","102,00","16,00","93,00","16,00",20220827,20220909,"23,85",20220920,46
3135086,"25,00","34,00","12,00","25,00","12,00",20220904,20220909,"25,47",20220920,2
2851568,"25,00","262,00","31,00","61,00","15,00",20220616,20220622,"31,93",20220719,21
3139181,"14,00","23,00","12,00","14,00","12,00",20220713,00000000,"154,63",20220719,52
2855533,"14,00","25,00","14,00","16,00","14,00",20220907,20220922,"60,769999999999996",20221001,49
2987764,"19,00","34,00","13,00","25,00","13,00",20220919,20220921,"25,88",20221001,93
3109948,"30,00","107,00","16,00","98,00","16,00",20220902,20220920,"25,02",20221001,51
3111679,"17,00","26,00","12,00","17,00","12,00",20220929,00000000,"113,04",20221004,89
2990472,"14,00","23,00","12,00","14,00","12,00",20220917,20220927,"151,3",20221004,99
3148795,"19,00","28,00","12,00","19,00","12,00",20220902,20220913,"37,01",20221004,67
3113746,"109,00","2518,00","37,00","2509,00","37,00",20221004,00000000,"23,06",20221009,51
3136675,"29,00","118,00","17,00","109,00","17,00",20220907,20220928,"24,61",20221009,21
1033877,"16,00","25,00","12,00","16,00","12,00",20221003,00000000,"47,760000000000005",20221009,43
3137359,"16,00","25,00","12,00","16,00","12,00",20221002,20221004,"242,51",20221009,25
3113746,"109,00","1654,00","28,00","877,00","20,00",20220926,20221003,"23,42",20221009,6
3130958,"19,00","28,00","12,00","19,00","12,00",20220909,20220928,"35,16",20221009,72
3144660,"25,00","70,00","15,00","49,00","14,00",20220916,20220920,"25,42",20221009,2
3146889,"14,00","23,00","12,00","14,00","12,00",20220915,20220921,"147,10999999999999",20221009,83
3137301,"25,00","142,00","21,00","133,00","21,00",20220923,20220928,"22,75",20221009,32
3138987,"14,00","23,00","12,00","14,00","12,00",20220923,00000000,"184,65",20221005,116
3113746,"109,00","3766,00","50,00","3661,00","49,00",20220926,20220930,"23,42",20221005,52
3120308,"17,00","26,00","12,00","17,00","12,00",20220907,20220915,"57,5",20221004,40
3144695,"25,00","34,00","12,00","25,00","12,00",20220911,20220916,"24,82",20221004,32
3147709,"19,00","28,00","12,00","19,00","12,00",20220906,20220919,"33,24",20221004,50
3150784,"25,00","34,00","12,00","25,00","12,00",20220922,20220929,"44,989999999999995",20221004,31
3135086,"25,00","34,00","12,00","25,00","12,00",20220902,20220909,"25,47",20220920,41
2875102,"19,00","28,00","12,00","19,00","12,00",20220828,20220830,"49,54",20220914,94
3136675,"29,00","134,00","18,00","93,00","16,00",20220817,20220819,"25,65",20220914,6
3127531,"37,00","46,00","12,00","37,00","12,00",20220907,00000000,"26,13",20220914,90
2917109,"15,00","24,00","12,00","15,00","12,00",20220814,20220820,"93,91",20220914,112
3129447,"23,00","32,00","12,00","23,00","12,00",20220626,20220706,"66,76",20220719,31
3132870,"14,00","45,00","34,00","36,00","34,00",20220710,20220714,"164,52",20220719,17
3133492,"29,00","38,00","12,00","29,00","12,00",20220912,20220923,"24,62",20221009,87
3137657,"14,00","23,00","12,00","14,00","12,00",20220909,20220914,"82,38",20221009,17
3143880,"37,00","46,00","12,00","37,00","12,00",20220905,20220910,"22,419999999999998",20221001,11
3107083,"17,00","26,00","12,00","17,00","12,00",20220926,00000000,"42,93",20221001,43
3135086,"25,00","34,00","12,00","25,00","12,00",20220904,20220909,"25,47",20221001,2
3101896,"14,00","24,00","13,00","15,00","13,00",20220907,20220912,"87,77000000000001",20220918,24
3129884,"43,00","172,00","16,00","43,00","12,00",20220910,20220916,"31,03",20220918,89
3122490,"29,00","54,00","13,00","45,00","13,00",20220823,20220831,"23,83",20220918,67
2851572,"21,00","30,00","12,00","21,00","12,00",20220909,20220920,"37,51",20221009,20
3116715,"19,00","40,00","14,00","31,00","14,00",20220919,20220928,"35,379999999999995",20221004,61
3101896,"14,00","23,00","12,00","14,00","12,00",20220918,20220923,"71,08",20220927,59
3109948,"30,00","311,00","28,00","302,00","28,00",20220920,20220926,"25,59",20220927,10
3137301,"25,00","70,00","15,00","61,00","15,00",20220927,20221005,"22,419999999999998",20221009,110
3125412,"37,00","46,00","12,00","37,00","12,00",20220914,20220928,"27,6",20221009,101
2982024,"14,00","23,00","12,00","14,00","12,00",20220903,20220923,"74,44",20221009,10
3130998,"14,00","23,00","12,00","14,00","12,00",20221005,00000000,"152,1",20221009,11
3135878,"25,00","34,00","12,00","25,00","12,00",20220818,20220822,"33,58",20220914,9
3109948,"30,00","226,00","23,00","217,00","23,00",20220815,20220820,"24,39",20220914,85
3133776,"14,00","23,00","12,00","14,00","12,00",20220902,20220909,"72,1",20220914,12
3147405,"25,00","34,00","12,00","25,00","12,00",20220907,20220919,"24,65",20221005,99
3109862,"30,00","192,00","21,00","183,00","21,00",20220831,20220903,"24,4",20221005,17
3124362,"30,00","73,00","14,00","64,00","14,00",20220914,20221001,"24,4",20221005,68
3152111,"25,00","82,00","16,00","73,00","16,00",20220921,20220926,"24,13",20221004,111
3106924,"43,00","52,00","12,00","43,00","12,00",20220820,20220827,"22,59",20220920,33
2851568,"25,00","70,00","15,00","61,00","15,00",20220910,20220916,"32,269999999999996",20220920,32
3100927,"14,00","24,00","13,00","15,00","13,00",20220912,20220919,"109,58",20221004,17
2989715,"14,00","25,00","14,00","16,00","14,00",20220910,20220919,"63,66",20221001,56
3128875,"25,00","46,00","13,00","37,00","13,00",20220818,20220825,"28,42",20220914,42
3109948,"30,00","413,00","34,00","132,00","18,00",20220904,00000000,"25,46",20220914,27
3127529,"19,00","28,00","12,00","19,00","12,00",20220902,20220908,"35,16",20220914,25
3129240,"25,00","166,00","23,00","97,00","18,00",20220909,00000000,"24,08",20220914,42
3146889,"14,00","26,00","15,00","17,00","15,00",20220822,20220826,"151,96",20220914,89
2989314,"21,00","30,00","12,00","21,00","12,00",20220812,20220818,"30,38",20220914,74
2864488,"25,00","46,00","13,00","37,00","13,00",20220905,00000000,"22,4",20220914,22
1033365,"14,00","23,00","12,00","0,00","0,00",20220705,00000000,"28,46",20220719,28
3138925,"27,00","50,00","13,00","41,00","13,00",20220706,20220711,"24,19",20220719,103
3127529,"19,00","28,00","12,00","19,00","12,00",20220902,20220919,"32,22",20221009,13
3102367,"31,00","40,00","12,00","31,00","12,00",20220917,20220920,"22,97",20221004,26
1033542,"17,00","26,00","12,00","17,00","12,00",20220904,20220913,"46,620000000000005",20221004,38
2979416,"28,00","37,00","12,00","28,00","12,00",20220923,20220927,"23,65",20221004,40
3109862,"30,00","124,00","17,00","115,00","17,00",20220901,20220905,"25,45",20220927,16
3113732,"37,00","598,00","35,00","157,00","17,00",20221006,00000000,"23,1",20221009,12
3140910,"43,00","52,00","12,00","43,00","12,00",20220914,20220922,"31,0",20221009,69
3130998,"14,00","24,00","13,00","14,00","12,00",20221006,00000000,"144,49",20221009,23
3141652,"14,00","24,00","13,00","15,00","13,00",20220930,20221004,"75,15",20221009,28
1034553,"19,00","28,00","12,00","19,00","12,00",20221005,00000000,"25,53",20221009,109
1034044,"14,00","24,00","13,00","15,00","13,00",20220922,20221006,"29,3",20221009,20
3109862,"30,00","226,00","23,00","217,00","23,00",20220814,20220817,"25,46",20220914,42
3127531,"37,00","70,00","13,00","37,00","12,00",20220921,00000000,"26,3",20221005,112
3109862,"30,00","56,00","13,00","47,00","13,00",20220905,20220909,"25,46",20220920,88
3140600,"37,00","190,00","18,00","181,00","18,00",20220910,20220916,"22,24",20220920,31
1033607,"14,00","26,00","15,00","17,00","15,00",20220903,20220912,"28,240000000000002",20220920,23
3124362,"30,00","39,00","12,00","30,00","12,00",20220927,20220930,"24,4",20221004,63
3150454,"19,00","28,00","12,00","19,00","12,00",20220830,20220901,"63,92",20220914,52
3122490,"29,00","70,00","14,00","61,00","14,00",20220830,20220905,"24,63",20220914,106
3114860,"19,00","28,00","12,00","19,00","12,00",20220829,20220913,"46,6",20220914,60
3137812,"19,00","28,00","12,00","19,00","12,00",20220628,20220704,"30,4",20220719,95
3118963,"14,00","26,00","15,00","17,00","15,00",20220912,20220922,"126,41",20221009,49
3118491,"14,00","28,00","17,00","19,00","17,00",20220927,20221006,"66,45",20221009,72
3146889,"14,00","24,00","13,00","15,00","13,00",20220916,20220926,"153,18",20221001,10
3136911,"19,00","28,00","12,00","19,00","12,00",20220823,20220828,"36,16",20220918,12
3134935,"27,00","36,00","12,00","27,00","12,00",20220914,00000000,"23,77",20220918,15
3150991,"19,00","28,00","12,00","19,00","12,00",20220914,00000000,"56,900000000000006",20220918,37
2864488,"25,00","238,00","29,00","229,00","29,00",20221004,00000000,"22,52",20221009,94
3128599,"17,00","34,00","14,00","25,00","14,00",20220914,20220920,"38,71",20221009,51
3146312,"35,00","44,00","12,00","35,00","12,00",20220918,00000000,"25,23",20221004,46
3141405,"14,00","28,00","17,00","14,00","12,00",20220904,20220909,"80,08",20221004,21
3150082,"19,00","28,00","12,00","19,00","12,00",20220920,20220923,"39,05",20221004,36
3146312,"35,00","66,00","13,00","57,00","13,00",20220911,20220922,"26,31",20221009,49
2947674,"25,00","34,00","12,00","25,00","12,00",20220903,20220915,"23,85",20220927,29
3136305,"19,00","34,00","13,00","25,00","13,00",20220917,20220922,"51,67",20221009,3
3124362,"30,00","56,00","13,00","47,00","13,00",20220926,20221006,"24,37",20221009,116
3148308,"25,00","34,00","12,00","25,00","12,00",20220915,20220927,"27,79",20221009,20
3111551,"14,00","24,00","13,00","15,00","13,00",20220920,20220926,"139,09",20221009,10
3145006,"29,00","38,00","12,00","29,00","12,00",20220913,20220921,"33,0",20221009,42
1034044,"14,00","24,00","13,00","15,00","13,00",20220901,20220906,"31,52",20221009,98
3137157,"29,00","38,00","12,00","29,00","12,00",20220905,20220915,"22,95",20221009,6
3100157,"19,00","28,00","12,00","19,00","12,00",20220921,20220927,"45,71",20221004,3
3141405,"14,00","25,00","14,00","16,00","14,00",20220923,20220926,"104,11",20221004,72
2947674,"25,00","34,00","12,00","25,00","12,00",20220911,00000000,"23,84",20220920,81
3128875,"25,00","34,00","12,00","25,00","12,00",20220911,20111027,"26,42",20221004,60
3122490,"29,00","54,00","13,00","45,00","13,00",20220904,20220910,"24,63",20221001,47
3149964,"19,00","28,00","12,00","19,00","12,00",20220906,20220915,"52,46",20221001,52
1033147,"14,00","23,00","12,00","14,00","12,00",20220918,20220921,"29,740000000000002",20221001,47
3116789,"14,00","23,00","12,00","14,00","12,00",20220816,20220824,"73,56",20220914,15
3132878,"14,00","23,00","12,00","14,00","12,00",20220813,20220819,"362,57",20220914,80
3144570,"25,00","34,00","12,00","25,00","12,00",20220615,20220701,"25,25",20220719,81
3128676,"14,00","24,00","13,00","15,00","13,00",20220922,00000000,"34,46",20221001,94
3144660,"25,00","34,00","12,00","25,00","12,00",20220929,20221005,"25,72",20221009,11
3109948,"30,00","107,00","16,00","98,00","16,00",20220917,20220923,"25,34",20221009,83
3150050,"17,00","26,00","12,00","17,00","12,00",20220923,20220929,"64,18",20221009,3
3135582,"19,00","28,00","12,00","19,00","12,00",20220824,20220906,"33,53",20220914,110
3114914,"14,00","23,00","12,00","14,00","12,00",20220820,20220827,"78,15",20220914,105
3136911,"19,00","28,00","12,00","19,00","12,00",20220916,00000000,"35,14",20220925,98
3109862,"30,00","141,00","18,00","132,00","18,00",20220825,20220906,"25,39",20220918,29
3099188,"31,00","130,00","17,00","121,00","17,00",20220829,20220903,"23,11",20220918,8
3113198,"43,00","82,00","13,00","73,00","13,00",20220908,00000000,"28,4",20220914,90
3120308,"17,00","26,00","12,00","17,00","12,00",20220820,20220831,"54,39",20220914,68
3150726,"17,00","26,00","12,00","17,00","12,00",20220928,20221006,"125,78",20221009,116
3014387,"19,00","28,00","12,00","19,00","12,00",20220907,20220915,"35,08",20220920,116
3122460,"29,00","38,00","12,00","29,00","12,00",20220829,20220903,"24,64",20220920,70
3122490,"29,00","38,00","12,00","29,00","12,00",20220914,00000000,"24,63",20220920,70
3122460,"29,00","86,00","15,00","77,00","15,00",20220918,20220922,"24,62",20220925,106
2974533,"14,00","24,00","13,00","15,00","13,00",20220827,20220901,"115,06",20220925,18
3110814,"14,00","24,00","13,00","15,00","13,00",20220829,20220905,"38,510000000000005",20220914,72
3125210,"17,00","26,00","12,00","17,00","12,00",20220830,20220905,"39,71",20220914,1
3140917,"25,00","34,00","12,00","25,00","12,00",20220907,20220910,"33,08",20220914,14
3111869,"25,00","34,00","12,00","25,00","12,00",20220914,20220921,"23,88",20221009,46
3149447,"52,00","61,00","12,00","52,00","12,00",20220905,20220913,"26,35",20220918,64
3100157,"19,00","28,00","12,00","19,00","12,00",20220905,20220909,"44,57",20220918,2
3135314,"14,00","23,00","12,00","14,00","12,00",20220831,20220914,"145,93",20220918,102
3150079,"17,00","26,00","12,00","17,00","12,00",20220915,00000000,"115,39",20220918,67
3113746,"109,00","502,00","16,00","493,00","16,00",20220831,00000000,"22,96",20220914,110
3128599,"17,00","38,00","15,00","29,00","15,00",20220902,00000000,"40,019999999999996",20220914,50
2982022,"14,00","23,00","12,00","14,00","12,00",20220827,20220831,"82,64",20220914,43
3145200,"14,00","23,00","12,00","14,00","12,00",20220823,20220826,"26,14",20220914,95
2864449,"37,00","94,00","14,00","85,00","14,00",20220918,20220922,"27,73",20220925,3
3139148,"31,00","184,00","20,00","175,00","20,00",20220916,00000000,"23,34",20220918,82
3144903,"25,00","34,00","12,00","25,00","12,00",20220909,20220913,"24,56",20220918,28
1033119,"17,00","26,00","12,00","17,00","12,00",20220829,20220906,"29,4",20220918,41
3133157,"19,00","28,00","12,00","19,00","12,00",20220820,20220824,"31,66",20220918,9
3083495,"19,00","28,00","12,00","19,00","12,00",20220915,00000000,"54,379999999999995",20220918,32
3130111,"37,00","142,00","16,00","133,00","16,00",20220924,20220930,"32,129999999999995",20221009,54
3114006,"14,00","23,00","12,00","14,00","12,00",20221003,00000000,"44,54",20221009,41
2996454,"14,00","24,00","13,00","15,00","13,00",20221004,20221006,"306,5",20221009,72
3135379,"17,00","26,00","12,00","17,00","12,00",20220907,00000000,"91,25",20220920,97
3000096,"43,00","52,00","12,00","43,00","12,00",20220823,20220901,"22,26",20220920,4
3129467,"30,00","39,00","12,00","30,00","12,00",20220828,20220906,"25,79",20220920,20
3144862,"25,00","34,00","12,00","25,00","12,00",20220818,20220824,"25,46",20220920,76
3089077,"17,00","30,00","13,00","21,00","13,00",20220902,20220910,"127,76",20220920,22
2851568,"25,00","34,00","12,00","25,00","12,00",20220915,20220924,"32,21",20220925,20
2998525,"19,00","28,00","12,00","19,00","12,00",20220815,20220822,"37,31",20220914,105
3113732,"37,00","550,00","33,00","541,00","33,00",20220906,20220913,"23,42",20220914,11
3109948,"30,00","413,00","34,00","149,00","19,00",20220904,20220914,"25,46",20220920,27
3145736,"35,00","44,00","12,00","35,00","12,00",20220826,20220902,"26,2",20220914,15
3127531,"37,00","118,00","15,00","109,00","15,00",20220816,20220825,"27,78",20220914,69
3100447,"25,00","34,00","12,00","25,00","12,00",20220929,20221006,"23,84",20221009,3
3139200,"19,00","28,00","12,00","19,00","12,00",20220921,20220928,"36,58",20221009,61
3140897,"25,00","34,00","12,00","25,00","12,00",20220921,20221003,"36,1",20221009,94
3145806,"43,00","52,00","12,00","43,00","12,00",20220903,20220923,"27,509999999999998",20221009,48
3147525,"14,00","23,00","12,00","14,00","12,00",20220905,20220914,"91,86",20220918,21
3135916,"25,00","34,00","12,00","25,00","12,00",20220903,20220913,"25,55",20220918,61
1032063,"19,00","28,00","12,00","19,00","12,00",20220831,20220908,"26,1",20220914,33
3122536,"29,00","38,00","12,00","29,00","12,00",20220827,20220910,"23,84",20220914,108
3131679,"14,00","23,00","12,00","14,00","12,00",20220824,20220831,"58,599999999999994",20220914,94
3122536,"29,00","38,00","12,00","29,00","12,00",20220830,20220902,"24,6",20220914,16
2992851,"14,00","37,00","26,00","28,00","26,00",20220903,20220914,"77,9",20220920,41
2992851,"14,00","36,00","25,00","27,00","25,00",20220827,00000000,"97,73",20220910,91
3134935,"27,00","50,00","13,00","41,00","13,00",20220902,00000000,"23,94",20220910,75
3136305,"19,00","82,00","21,00","73,00","21,00",20220909,20220914,"52,06",20220925,36
3139912,"19,00","28,00","12,00","19,00","12,00",20220915,00000000,"37,66",20220925,68
3129884,"43,00","112,00","14,00","103,00","14,00",20220907,20220913,"30,369999999999997",20220918,83
3145806,"43,00","52,00","12,00","43,00","12,00",20220827,20220902,"27,42",20220918,83
2851566,"25,00","70,00","15,00","61,00","15,00",20220914,00000000,"27,4",20220918,48
3122536,"29,00","38,00","12,00","29,00","12,00",20220827,20220902,"24,62",20220914,81
3136597,"14,00","24,00","13,00","15,00","13,00",20220913,20220917,"41,34",20221009,44
3137157,"29,00","38,00","12,00","29,00","12,00",20220914,20220919,"22,71",20220920,32
3141337,"37,00","70,00","13,00","61,00","13,00",20220916,00000000,"22,1",20220920,37
3144570,"25,00","34,00","12,00","25,00","12,00",20220902,20220916,"25,39",20220925,34
2978244,"14,00","24,00","13,00","14,00","12,00",20220829,20220908,"98,06",20220914,68
3097193,"25,00","34,00","12,00","25,00","12,00",20220812,20220817,"31,47",20220914,47
3122490,"29,00","54,00","13,00","45,00","13,00",20220827,20220903,"23,83",20220914,67
3097193,"25,00","34,00","12,00","25,00","12,00",20220812,20220818,"31,47",20220914,75
3107553,"19,00","28,00","12,00","19,00","12,00",20220824,20220905,"30,47",20220914,12
3114175,"14,00","23,00","12,00","14,00","12,00",20220813,20220822,"182,64000000000001",20220914,33
3113746,"109,00","1654,00","28,00","109,00","12,00",20220822,20220826,"23,36",20220920,21
3116807,"14,00","27,00","16,00","18,00","16,00",20220910,20111101,"78,46",20220920,50
3130733,"19,00","28,00","12,00","19,00","12,00",20220904,00000000,"31,91",20220914,93
3122460,"29,00","54,00","13,00","45,00","13,00",20220912,20220917,"23,85",20221009,55
3128676,"14,00","25,00","14,00","16,00","14,00",20220915,20220928,"35,47",20221009,59
3145241,"25,00","34,00","12,00","25,00","12,00",20220824,20220917,"23,43",20220918,65
3137359,"16,00","25,00","12,00","16,00","12,00",20220821,20220901,"242,6",20220914,14
3100082,"17,00","26,00","12,00","17,00","12,00",20220814,20220818,"75,76",20220914,94
3120308,"17,00","30,00","13,00","21,00","13,00",20220907,00000000,"54,010000000000005",20220914,31
3138795,"28,00","52,00","13,00","43,00","13,00",20220827,20220905,"24,28",20220914,13
3141337,"37,00","598,00","35,00","589,00","35,00",20220820,20220823,"22,2",20220914,16
2851568,"25,00","46,00","13,00","37,00","13,00",20220827,20220908,"32,47",20220925,33
3150875,"29,00","374,00","33,00","365,00","33,00",20220918,20220924,"23,87",20220925,33
3116633,"19,00","28,00","12,00","19,00","12,00",20220914,00000000,"36,76",20220918,58
1034231,"19,00","28,00","12,00","19,00","12,00",20220908,20220915,"27,86",20220918,57
3109862,"30,00","56,00","13,00","47,00","13,00",20220815,20220901,"25,45",20220918,78
3128875,"25,00","46,00","13,00","25,00","12,00",20220906,20220914,"28,42",20220918,42
3135879,"31,00","40,00","12,00","31,00","12,00",20220829,20220905,"22,82",20220914,53
3125288,"37,00","46,00","12,00","37,00","12,00",20220819,20220823,"23,45",20220914,9
2864449,"37,00","70,00","13,00","61,00","13,00",20220825,20220905,"27,09",20220914,46
1033147,"14,00","24,00","13,00","15,00","13,00",20220821,20220824,"29,740000000000002",20220914,18
2989314,"21,00","30,00","12,00","21,00","12,00",20220826,20220906,"27,75",20220914,96
3109862,"30,00","209,00","22,00","200,00","22,00",20220926,20221003,"25,42",20221009,31
3122536,"29,00","38,00","12,00","29,00","12,00",20220820,20220830,"23,85",20220920,79
3116807,"14,00","34,00","23,00","25,00","23,00",20220820,20220827,"96,93",20220920,17
3146312,"35,00","66,00","13,00","57,00","13,00",20220920,00000000,"26,39",20220925,48
3137157,"29,00","38,00","12,00","29,00","12,00",20220914,00000000,"22,89",20220925,35
3150991,"19,00","28,00","12,00","19,00","12,00",20220915,00000000,"53,59",20220925,68
3031000,"14,00","25,00","14,00","16,00","14,00",20220816,20220819,"122,13000000000001",20220914,12
3109948,"30,00","175,00","20,00","166,00","20,00",20220820,20220831,"25,23",20220914,37
3103277,"19,00","28,00","12,00","19,00","12,00",20220822,20220825,"72,71",20220920,39
1034184,"14,00","23,00","12,00","14,00","12,00",20220922,20221001,"29,86",20221009,101
3139839,"14,00","28,00","17,00","19,00","17,00",20220820,20220827,"94,63000000000001",20220918,60
3122537,"29,00","38,00","12,00","29,00","12,00",20220827,20220901,"24,58",20220918,106
3149439,"16,00","25,00","12,00","16,00","12,00",20220912,20220916,"52,519999999999996",20220918,63
1033218,"19,00","28,00","12,00","19,00","12,00",20220823,20220901,"39,72",20220918,95
3129787,"14,00","23,00","12,00","14,00","12,00",20220908,20220913,"199,49",20221009,26
3128885,"25,00","94,00","17,00","85,00","17,00",20220918,20220922,"28,54",20221009,9
3129894,"43,00","352,00","22,00","343,00","22,00",20220902,20220908,"29,35",20220914,15
3146312,"35,00","44,00","12,00","35,00","12,00",20220901,20220910,"26,62",20220914,92
2991472,"43,00","52,00","12,00","43,00","12,00",20220824,20220831,"25,78",20220914,31
3074297,"19,00","28,00","12,00","19,00","12,00",20220907,20220913,"24,45",20221004,2
3136647,"14,00","25,00","14,00","16,00","14,00",20220929,20221003,"38,53",20221004,27
3139148,"31,00","40,00","12,00","31,00","12,00",20220904,20220912,"27,04",20221004,101
3135290,"15,00","26,00","13,00","17,00","13,00",20220827,20220923,"75,3",20221004,54
3134935,"27,00","106,00","17,00","97,00","17,00",20220824,20110924,"23,45",20220914,22
3136675,"29,00","38,00","12,00","29,00","12,00",20220830,20220909,"24,6",20220914,85
3093180,"21,00","62,00","16,00","29,00","13,00",20220908,00000000,"44,69",20220914,32
3145760,"25,00","34,00","12,00","25,00","12,00",20220820,20220830,"25,41",20220914,37
3109862,"30,00","158,00","19,00","149,00","19,00",20220926,00000000,"24,99",20221004,53
3135879,"31,00","40,00","12,00","31,00","12,00",20220918,20220924,"22,7",20221005,105
3151841,"29,00","294,00","28,00","285,00","28,00",20220926,20221001,"24,08",20221005,23
3106866,"14,00","23,00","12,00","14,00","12,00",20220818,20220826,"90,28",20220910,75
3122490,"29,00","102,00","16,00","93,00","16,00",20220819,20220827,"24,72",20220918,9
2875102,"19,00","28,00","12,00","19,00","12,00",20220831,20220906,"49,54",20220918,94
3137301,"25,00","34,00","12,00","25,00","12,00",20220914,00000000,"22,3",20220918,116
3150180,"17,00","26,00","12,00","17,00","12,00",20220914,20220921,"63,43000000000001",20221009,41
3126127,"25,00","34,00","12,00","25,00","12,00",20220927,00000000,"29,38",20221009,57
3144862,"25,00","34,00","12,00","25,00","12,00",20220827,20220831,"25,47",20220918,48
3129440,"30,00","73,00","14,00","64,00","14,00",20220628,20220707,"26,66",20220719,47
3093792,"37,00","46,00","12,00","37,00","12,00",20220628,20220706,"23,509999999999998",20220719,64
1033397,"14,00","23,00","12,00","14,00","12,00",20220620,20220706,"31,67",20220719,38
3109948,"30,00","90,00","15,00","81,00","15,00",20220912,20220916,"25,55",20220918,70
3001753,"14,00","26,00","15,00","16,00","14,00",20220907,20220916,"134,37",20220918,11
3116807,"14,00","24,00","13,00","15,00","13,00",20220825,20220906,"69,53",20220918,61
2864449,"37,00","94,00","14,00","85,00","14,00",20220909,20220915,"27,72",20221009,58
2989715,"14,00","25,00","14,00","16,00","14,00",20220927,00000000,"53,489999999999995",20221009,21
3146935,"19,00","28,00","12,00","19,00","12,00",20220926,20221005,"45,65",20221009,15
3150991,"19,00","28,00","12,00","19,00","12,00",20220915,20220923,"53,59",20221009,36
3125914,"28,00","52,00","13,00","43,00","13,00",20220818,20220825,"25,12",20220914,9
3091893,"14,00","24,00","13,00","15,00","13,00",20220913,20220928,"136,84",20221004,100
2996454,"14,00","23,00","12,00","14,00","12,00",20220813,20220824,"304,90999999999997",20220914,107
1032697,"14,00","23,00","12,00","14,00","12,00",20220901,20220908,"39,14",20220914,31
3126844,"37,00","46,00","12,00","37,00","12,00",20220823,00000000,"27,09",20220920,113
3129884,"43,00","1252,00","52,00","1243,00","52,00",20220812,20220819,"28,81",20220920,39
2987764,"19,00","100,00","24,00","91,00","24,00",20220906,20220909,"25,36",20220914,48
2947674,"25,00","58,00","14,00","49,00","14,00",20220926,00000000,"23,24",20221005,33
3137301,"25,00","70,00","15,00","61,00","15,00",20220923,20221003,"22,37",20221005,104
2886374,"37,00","46,00","12,00","37,00","12,00",20220914,00000000,"24,8",20221005,50
3144660,"25,00","46,00","13,00","37,00","13,00",20220902,20220908,"25,15",20221005,73
3124362,"30,00","73,00","14,00","64,00","14,00",20220902,20220916,"24,47",20221005,84
3147709,"19,00","28,00","12,00","19,00","12,00",20220927,20220930,"36,59",20221005,58
3128145,"19,00","28,00","12,00","19,00","12,00",20220904,20220909,"44,82",20220910,3
2946991,"25,00","34,00","12,00","25,00","12,00",20220822,20220825,"23,36",20220918,39
3136113,"19,00","28,00","12,00","19,00","12,00",20220812,20220822,"36,019999999999996",20220918,72
1034553,"19,00","28,00","12,00","19,00","12,00",20221003,00000000,"25,93",20221009,63
3141346,"14,00","23,00","12,00","14,00","12,00",20220907,20220913,"111,33",20221009,2
2982022,"14,00","23,00","12,00","14,00","12,00",20220824,20220831,"67,1",20220918,61
3125856,"16,00","28,00","13,00","19,00","13,00",20220918,20220929,"72,36",20221009,14
3125210,"17,00","26,00","12,00","17,00","12,00",20220830,20220905,"39,71",20220918,1
3122460,"29,00","134,00","18,00","125,00","18,00",20221004,00000000,"23,86",20221009,21
3146786,"19,00","28,00","12,00","19,00","12,00",20221001,00000000,"24,97",20221004,103
2851569,"25,00","46,00","13,00","37,00","13,00",20220910,20220916,"27,4",20221004,40
3121712,"14,00","24,00","13,00","15,00","13,00",20220830,20220910,"82,11",20220920,14
3116717,"19,00","28,00","12,00","19,00","12,00",20220829,20220901,"33,93",20220914,111
3134935,"27,00","204,00","24,00","195,00","24,00",20220820,20220825,"23,45",20220914,17
3122536,"29,00","38,00","12,00","29,00","12,00",20220923,20220929,"24,63",20221004,54
3127531,"37,00","94,00","14,00","85,00","14,00",20220927,20220930,"27,78",20221004,52
3145035,"30,00","56,00","13,00","47,00","13,00",20220827,20220903,"25,62",20221004,7
3145285,"14,00","24,00","13,00","15,00","13,00",20220914,20220919,"33,68",20221005,11
3111378,"37,00","46,00","12,00","37,00","12,00",20220920,20220923,"24,59",20221005,14
2989092,"23,00","32,00","12,00","23,00","12,00",20220812,20220820,"30,47",20220910,61
3133492,"29,00","54,00","13,00","45,00","13,00",20220811,20220818,"23,8",20220910,13
3141865,"25,00","34,00","12,00","25,00","12,00",20220902,20220906,"29,65",20220914,26
3145577,"277,00","286,00","12,00","277,00","12,00",20220906,00000000,"22,96",20220914,101
3144695,"25,00","34,00","12,00","25,00","12,00",20220828,20220901,"25,2",20220918,62
3098147,"14,00","27,00","16,00","18,00","16,00",20220923,20221005,"74,4",20221009,61
3150107,"25,00","34,00","12,00","25,00","12,00",20220914,20220926,"45,17",20221009,112
3139181,"14,00","31,00","20,00","19,00","17,00",20220920,20220924,"160,69",20221009,9
3115358,"15,00","24,00","12,00","15,00","12,00",20220915,20220919,"230,01",20221009,16
2987764,"19,00","40,00","14,00","31,00","14,00",20220828,20220913,"25,33",20220918,81
3137301,"25,00","106,00","18,00","97,00","18,00",20220822,20220824,"22,52",20220918,19
3129894,"43,00","202,00","17,00","193,00","17,00",20220712,00000000,"28,04",20220719,61
3124362,"30,00","192,00","21,00","183,00","21,00",20220630,00000000,"25,11",20220719,42
3142323,"19,00","28,00","12,00","19,00","12,00",20220616,20220701,"38,06",20220719,64
3138925,"27,00","36,00","12,00","27,00","12,00",20220916,20220922,"24,19",20221009,99
3141021,"14,00","32,00","21,00","23,00","21,00",20220910,20220920,"79,88",20221009,110
3103331,"19,00","28,00","12,00","19,00","12,00",20220821,20220829,"31,07",20220918,96
1033571,"14,00","26,00","15,00","17,00","15,00",20220907,20220916,"29,1",20220918,1
3100447,"25,00","34,00","12,00","25,00","12,00",20220918,20220924,"23,92",20221009,8
3133258,"25,00","34,00","12,00","25,00","12,00",20220825,20220908,"25,66",20220914,38
3145035,"30,00","56,00","13,00","47,00","13,00",20220831,20220909,"25,34",20220914,38
3147514,"18,00","27,00","12,00","18,00","12,00",20220829,20220903,"39,379999999999995",20220914,22
3118491,"14,00","27,00","16,00","18,00","16,00",20220905,20220913,"66,5",20220914,67
3137984,"14,00","26,00","15,00","17,00","15,00",20220929,00000000,"110,85000000000001",20221004,67
3145035,"30,00","39,00","12,00","30,00","12,00",20220917,20220927,"25,47",20221004,98
3141346,"14,00","23,00","12,00","14,00","12,00",20220913,20220916,"107,14",20220920,28
3128957,"14,00","30,00","19,00","21,00","19,00",20220913,20220922,"148,21",20221004,21
3142338,"25,00","34,00","12,00","25,00","12,00",20220922,20220926,"26,259999999999998",20221004,74
3133085,"37,00","46,00","12,00","37,00","12,00",20220921,00000000,"29,43",20221004,115
3136675,"29,00","198,00","22,00","189,00","22,00",20220914,20220921,"25,18",20221005,9
2966373,"37,00","70,00","13,00","37,00","12,00",20220907,20220909,"28,73",20220910,16
3122490,"29,00","54,00","13,00","45,00","13,00",20220819,20220822,"24,63",20220910,106
3109862,"30,00","56,00","13,00","47,00","13,00",20220820,20220829,"25,41",20220914,77
3150762,"19,00","28,00","12,00","19,00","12,00",20221004,20221007,"32,99",20221009,85
3102367,"31,00","40,00","12,00","31,00","12,00",20220914,20220920,"23,009999999999998",20221009,3
3114860,"19,00","28,00","12,00","19,00","12,00",20220829,20220919,"46,6",20221009,17
3124509,"43,00","52,00","12,00","43,00","12,00",20220919,20220922,"22,27",20221009,111
3109862,"30,00","107,00","16,00","98,00","16,00",20220827,20220903,"25,37",20220918,82
3113198,"43,00","52,00","12,00","43,00","12,00",20220827,20220908,"31,310000000000002",20220918,87
3137879,"19,00","28,00","12,00","19,00","12,00",20220623,20220630,"27,4",20220719,106
3128875,"25,00","34,00","12,00","25,00","12,00",20220701,20220708,"26,259999999999998",20220719,85
3143794,"17,00","26,00","12,00","17,00","12,00",20220618,20220709,"29,53",20220719,59
3139148,"31,00","76,00","14,00","67,00","14,00",20220919,20220928,"23,12",20221009,104
3129894,"43,00","112,00","14,00","103,00","14,00",20220928,00000000,"28,63",20221005,65
3113198,"43,00","322,00","21,00","313,00","21,00",20220930,00000000,"30,8",20221005,11
3135086,"25,00","34,00","12,00","25,00","12,00",20220903,20220917,"24,6",20221005,91
3150801,"29,00","230,00","24,00","221,00","24,00",20220924,20220930,"24,91",20221005,52
1034231,"19,00","28,00","12,00","19,00","12,00",20220914,20220919,"25,990000000000002",20221005,33
3092407,"16,00","25,00","12,00","16,00","12,00",20220918,20220922,"112,8",20221005,11
3109870,"19,00","28,00","12,00","19,00","12,00",20220915,20220927,"36,09",20221005,81
3133258,"25,00","34,00","12,00","25,00","12,00",20220920,20220924,"25,82",20221009,8
2992102,"25,00","34,00","12,00","25,00","12,00",20220921,20220926,"30,78",20221009,44
3145760,"25,00","34,00","12,00","25,00","12,00",20220926,20221001,"24,57",20221009,39
2851569,"25,00","34,00","12,00","25,00","12,00",20220913,20220921,"27,4",20221004,93
2989314,"21,00","30,00","12,00","21,00","12,00",20220823,20220909,"30,759999999999998",20220910,38
2978244,"14,00","24,00","13,00","15,00","13,00",20220815,20220819,"97,95",20220910,39
3125449,"19,00","52,00","16,00","43,00","16,00",20220812,20220820,"52,129999999999995",20220910,61
3139247,"19,00","28,00","12,00","19,00","12,00",20220828,20220831,"32,81",20220910,11
2947674,"25,00","34,00","12,00","25,00","12,00",20220809,20220818,"23,23",20220910,116
3127893,"14,00","26,00","15,00","17,00","15,00",20220904,00000000,"117,47",20220910,92
3141346,"14,00","23,00","12,00","14,00","12,00",20220904,20220907,"108,89",20220914,18
3118963,"14,00","23,00","12,00","14,00","12,00",20220915,20220923,"113,09",20221009,53
3137301,"25,00","34,00","12,00","25,00","12,00",20220915,00000000,"22,31",20220918,99
3107083,"17,00","42,00","16,00","17,00","12,00",20220905,20220915,"42,519999999999996",20221005,6
3113732,"37,00","214,00","19,00","205,00","19,00",20220920,20220924,"23,43",20221005,89
3141337,"37,00","70,00","13,00","61,00","13,00",20220916,20220919,"22,12",20221005,58
3130998,"14,00","23,00","12,00","14,00","12,00",20220904,20220908,"147,34",20220920,25
3137155,"16,00","28,00","13,00","19,00","13,00",20220820,20220829,"56,06999999999999",20220920,3
3121319,"19,00","34,00","13,00","25,00","13,00",20220829,20220901,"42,56",20220918,23
3118667,"25,00","34,00","12,00","25,00","12,00",20220829,20220905,"33,54",20220914,4
3137905,"19,00","28,00","12,00","19,00","12,00",20220701,20220705,"34,41",20220719,25
3109861,"30,00","192,00","21,00","47,00","13,00",20220917,20220928,"25,36",20221009,42
873949,"25,00","34,00","12,00","25,00","12,00",20220914,20220919,"23,99",20221005,107
3146206,"25,00","34,00","12,00","25,00","12,00",20220927,20220930,"25,63",20221009,27
3109948,"30,00","73,00","14,00","64,00","14,00",20220922,20220928,"24,4",20221009,43
1031001,"18,00","27,00","12,00","18,00","12,00",20220905,20220913,"27,0",20221004,11
3113198,"43,00","52,00","12,00","43,00","12,00",20220821,20220829,"30,55",20220910,31
2991471,"43,00","52,00","12,00","43,00","12,00",20220824,20220905,"25,05",20220910,114
3129894,"43,00","112,00","14,00","103,00","14,00",20220901,00000000,"28,06",20220910,108
3109948,"30,00","90,00","15,00","81,00","15,00",20220821,20220827,"24,39",20220914,63
3129440,"30,00","39,00","12,00","30,00","12,00",20220926,20221008,"27,28",20221009,56
3121712,"14,00","23,00","12,00","14,00","12,00",20220910,20220927,"82,34",20221009,93
3151382,"17,00","26,00","12,00","17,00","12,00",20221003,20221007,"97,67",20221009,48
3099188,"31,00","40,00","12,00","31,00","12,00",20220912,00000000,"23,12",20220918,98
3128145,"19,00","28,00","12,00","19,00","12,00",20220914,20220920,"44,92",20221005,70
3147405,"25,00","70,00","15,00","61,00","15,00",20220903,20220912,"25,68",20221005,42
3111581,"14,00","23,00","12,00","14,00","12,00",20220917,20220930,"125,45",20221005,108
3143940,"14,00","23,00","12,00","14,00","12,00",20220826,20220915,"181,79",20221005,46
3136689,"25,00","34,00","12,00","25,00","12,00",20220914,20220919,"32,2",20221005,19
3145241,"25,00","46,00","13,00","37,00","13,00",20220911,20220914,"23,68",20220920,7
3129054,"25,00","34,00","12,00","25,00","12,00",20220901,20220913,"28,42",20220920,75
3139912,"19,00","28,00","12,00","19,00","12,00",20220826,20220831,"37,84",20220918,36
3145241,"25,00","58,00","14,00","49,00","14,00",20220827,20220901,"24,05",20220910,18
3129440,"30,00","39,00","12,00","30,00","12,00",20220905,20220910,"27,31",20221004,18
1033984,"19,00","28,00","12,00","19,00","12,00",20220816,20220819,"36,980000000000004",20220910,25
3113746,"109,00","3574,00","48,00","3565,00","48,00",20220901,20220908,"23,41",20220910,31
3122460,"29,00","54,00","13,00","45,00","13,00",20220810,20220816,"24,63",20220910,49
3146786,"19,00","28,00","12,00","19,00","12,00",20220925,20220927,"25,36",20221005,25
3135314,"14,00","24,00","13,00","15,00","13,00",20220913,20220917,"188,59",20221005,85
3115601,"19,00","28,00","12,00","19,00","12,00",20220921,00000000,"32,17",20221005,97
3116126,"19,00","28,00","12,00","19,00","12,00",20220913,20220919,"38,17",20221005,47
3128885,"25,00","34,00","12,00","25,00","12,00",20220915,20220924,"26,509999999999998",20221004,22
3127531,"37,00","70,00","13,00","61,00","13,00",20220926,00000000,"26,12",20221004,116
3147525,"14,00","24,00","13,00","14,00","12,00",20220904,00000000,"119,0",20220910,89
3150125,"19,00","28,00","12,00","19,00","12,00",20220830,20220902,"36,95",20220910,2
3137301,"25,00","46,00","13,00","37,00","13,00",20220829,20220903,"22,52",20220914,42
3122490,"29,00","70,00","14,00","61,00","14,00",20220907,00000000,"23,85",20220914,108
3147292,"14,00","23,00","12,00","14,00","12,00",20220910,20220916,"93,16",20221009,31
3109861,"30,00","260,00","25,00","251,00","25,00",20220902,20220908,"25,58",20220918,73
2851566,"25,00","34,00","12,00","25,00","12,00",20220911,00000000,"27,509999999999998",20220918,67
3150991,"19,00","28,00","12,00","19,00","12,00",20220913,00000000,"56,900000000000006",20220918,3
3116715,"19,00","28,00","12,00","19,00","12,00",20220919,20220922,"35,2",20221005,62
3145035,"30,00","73,00","14,00","64,00","14,00",20220917,20220921,"25,48",20221005,18
3122536,"29,00","38,00","12,00","29,00","12,00",20220907,20220915,"24,71",20221005,44
3109948,"30,00","73,00","14,00","64,00","14,00",20220907,20220925,"24,41",20221005,65
3146062,"43,00","52,00","12,00","43,00","12,00",20220830,20220905,"24,35",20220914,40
3145035,"30,00","328,00","29,00","115,00","17,00",20220823,20220826,"24,4",20220914,95
2979416,"28,00","37,00","12,00","28,00","12,00",20220903,20220909,"23,65",20220918,26
3128875,"25,00","34,00","12,00","25,00","12,00",20220828,20220831,"26,56",20220918,43
2946205,"14,00","23,00","12,00","14,00","12,00",20220829,20220906,"68,64",20220918,39
3137129,"14,00","23,00","12,00","14,00","12,00",20220904,20220913,"144,19",20220918,59
3147567,"19,00","34,00","13,00","25,00","13,00",20220629,20220707,"31,2",20220719,33
3131253,"37,00","46,00","12,00","37,00","12,00",20220902,00000000,"26,189999999999998",20220910,93
3126808,"14,00","24,00","13,00","15,00","13,00",20220920,20220924,"188,25",20221009,1
1033211,"19,00","28,00","12,00","19,00","12,00",20220911,20220915,"39,31",20221004,101
3139148,"31,00","130,00","17,00","121,00","17,00",20220913,20220917,"23,41",20221004,85
3136689,"25,00","34,00","12,00","25,00","12,00",20220914,20220919,"32,2",20221004,19
3141405,"14,00","24,00","13,00","15,00","13,00",20220910,20220914,"99,34",20221004,47
3100157,"19,00","34,00","13,00","25,00","13,00",20220923,20220930,"43,39",20221004,45
3121730,"14,00","23,00","12,00","14,00","12,00",20220818,20220822,"127,3",20220910,19
3122537,"29,00","70,00","14,00","61,00","14,00",20220912,20220921,"24,63",20221005,75
3106866,"14,00","25,00","14,00","16,00","14,00",20220911,20220921,"99,17",20221005,101
3147425,"14,00","23,00","12,00","14,00","12,00",20220927,20221008,"91,10000000000001",20221009,84
3150801,"29,00","150,00","19,00","141,00","19,00",20220919,00000000,"24,59",20221004,56
3145241,"25,00","34,00","12,00","25,00","12,00",20220823,20220826,"24,06",20220910,28
3134935,"27,00","36,00","12,00","27,00","12,00",20220820,20220830,"23,35",20220910,79
2851568,"25,00","94,00","17,00","85,00","17,00",20220812,20220813,"32,08",20220914,59
3113732,"37,00","1102,00","56,00","1093,00","56,00",20221004,00000000,"23,5",20221009,58
3124362,"30,00","39,00","12,00","30,00","12,00",20220910,20220917,"25,4",20220918,41
2851568,"25,00","58,00","14,00","49,00","14,00",20220910,00000000,"32,25",20220918,35
2990472,"14,00","23,00","12,00","14,00","12,00",20220820,20220825,"128,35",20220920,22
3106866,"14,00","24,00","13,00","14,00","12,00",20220907,20220917,"70,64",20220918,94
3132878,"14,00","25,00","14,00","16,00","14,00",20220907,20220915,"342,86999999999995",20220918,101
3140897,"25,00","34,00","12,00","25,00","12,00",20220907,20220912,"36,09",20220918,94
2989716,"14,00","23,00","12,00","14,00","12,00",20220903,20220907,"64,53",20220914,70
2989544,"25,00","34,00","12,00","25,00","12,00",20220908,00000000,"43,1",20220914,89
3133875,"23,00","32,00","12,00","23,00","12,00",20220819,20220823,"48,18",20220918,25
3134137,"45,00","54,00","12,00","45,00","12,00",20220709,20220718,"27,16",20220719,29
3145930,"25,00","34,00","12,00","25,00","12,00",20220821,20220829,"24,58",20220910,85
3128875,"25,00","34,00","12,00","25,00","12,00",20221005,00000000,"26,46",20221009,60
3132611,"14,00","23,00","12,00","14,00","12,00",20220925,20221003,"134,74",20221004,89
3125797,"16,00","28,00","13,00","19,00","13,00",20220907,20220916,"84,64",20221004,1
3122460,"29,00","102,00","16,00","93,00","16,00",20220909,00000000,"24,66",20220918,53
3111642,"14,00","25,00","14,00","16,00","14,00",20220827,20220912,"107,79",20220918,100
3102538,"15,00","24,00","12,00","15,00","12,00",20220914,20220920,"54,769999999999996",20221005,24
3150865,"29,00","118,00","17,00","109,00","17,00",20220930,20221005,"25,19",20221009,9
3144660,"25,00","46,00","13,00","37,00","13,00",20221004,00000000,"24,16",20221009,84
3094865,"19,00","46,00","15,00","31,00","14,00",20220927,20221004,"43,4",20221009,53
3146889,"14,00","23,00","12,00","14,00","12,00",20220913,20220919,"147,46",20221009,74
3122537,"29,00","70,00","14,00","61,00","14,00",20220912,20220921,"24,62",20221009,34
3122537,"29,00","70,00","14,00","61,00","14,00",20220912,20220915,"24,48",20221009,16
3099188,"31,00","94,00","15,00","85,00","15,00",20220825,20220829,"22,71",20220920,111
3134935,"27,00","50,00","13,00","41,00","13,00",20220913,20220916,"23,94",20220920,47
3106866,"14,00","27,00","16,00","18,00","16,00",20220902,20220913,"70,71",20220920,60
3093180,"21,00","30,00","12,00","21,00","12,00",20220908,20220916,"44,519999999999996",20221009,15
3142232,"14,00","24,00","13,00","15,00","13,00",20220923,20220929,"124,89",20221009,3
2947674,"25,00","46,00","13,00","37,00","13,00",20220915,20220919,"23,34",20221009,17
3131285,"14,00","23,00","12,00","14,00","12,00",20220918,20220923,"211,8",20221009,83
3144709,"25,00","34,00","12,00","25,00","12,00",20220819,20220827,"36,59",20220908,39
3141021,"14,00","57,00","46,00","36,00","34,00",20220816,20220822,"80,21",20220908,93
3109861,"30,00","124,00","17,00","47,00","13,00",20220814,20220818,"24,32",20220908,59
3128957,"14,00","26,00","15,00","17,00","15,00",20220910,20220913,"180,89000000000001",20220918,6
3108781,"31,00","40,00","12,00","31,00","12,00",20220714,00000000,"22,58",20220719,3
3122460,"29,00","198,00","22,00","189,00","22,00",20220622,20220624,"24,53",20220719,16
3135879,"31,00","166,00","19,00","157,00","19,00",20220712,00000000,"22,98",20220719,40
3125797,"16,00","25,00","12,00","16,00","12,00",20220905,20220912,"87,15",20220918,5
3134967,"14,00","23,00","12,00","14,00","12,00",20220912,20220915,"82,71",20220918,74
3145241,"25,00","418,00","44,00","409,00","44,00",20220824,20220827,"24,06",20220914,17
1033219,"19,00","28,00","12,00","19,00","12,00",20220901,00000000,"28,92",20220914,27
3140600,"37,00","46,00","12,00","37,00","12,00",20220906,20220909,"22,21",20220914,49
2864449,"37,00","94,00","14,00","85,00","14,00",20220909,20221006,"27,52",20221009,7
3136656,"14,00","23,00","12,00","14,00","12,00",20220908,20220915,"41,95",20221005,31
3122536,"29,00","54,00","13,00","45,00","13,00",20220809,20220818,"23,81",20220910,116
3141405,"14,00","25,00","14,00","16,00","14,00",20220831,20220906,"99,11",20220910,26
1032450,"14,00","23,00","12,00","14,00","12,00",20220708,20220714,"66,52",20220719,24
3122460,"29,00","38,00","12,00","29,00","12,00",20220912,20220920,"23,83",20221009,110
3127869,"14,00","23,00","12,00","14,00","12,00",20220913,20220926,"102,51",20221009,104
2855533,"14,00","23,00","12,00","14,00","12,00",20220820,20220825,"60,41",20220910,14
1034542,"19,00","28,00","12,00","19,00","12,00",20220930,20221004,"24,61",20221009,10
3139912,"19,00","28,00","12,00","19,00","12,00",20220915,20220919,"37,81",20221009,32
3140600,"37,00","46,00","12,00","37,00","12,00",20220914,00000000,"22,05",20220920,79
2948861,"14,00","25,00","14,00","16,00","14,00",20220910,20220920,"63,81",20221009,20
3129489,"30,00","56,00","13,00","47,00","13,00",20220920,20220923,"25,939999999999998",20221009,36
3130111,"37,00","142,00","16,00","133,00","16,00",20220920,20221005,"29,259999999999998",20221009,46
3150454,"19,00","28,00","12,00","19,00","12,00",20220912,20220916,"63,739999999999995",20220918,63
2855533,"14,00","24,00","13,00","15,00","13,00",20220820,20220826,"60,629999999999995",20220918,21
3133157,"19,00","34,00","13,00","25,00","13,00",20220622,20220629,"31,7",20220719,42
3145736,"35,00","44,00","12,00","35,00","12,00",20220910,20220915,"26,3",20220918,74
3129894,"43,00","142,00","15,00","133,00","15,00",20220820,20220827,"30,060000000000002",20220918,83
3125856,"16,00","28,00","13,00","19,00","13,00",20220914,20220917,"96,56",20221005,18
3145577,"277,00","286,00","12,00","277,00","12,00",20220622,20220705,"22,57",20220719,110
3133993,"17,00","26,00","12,00","17,00","12,00",20221007,20221011,"47,769999999999996",20221015,107
3137984,"14,00","26,00","15,00","17,00","15,00",20220927,20221003,"143,32999999999998",20221015,30
3087865,"19,00","52,00","16,00","43,00","16,00",20220927,00000000,"43,510000000000005",20221009,51
3138987,"14,00","23,00","12,00","14,00","12,00",20220910,20220917,"150,16",20221009,4
3133258,"25,00","34,00","12,00","25,00","12,00",20220830,20220903,"24,6",20220910,17
3145781,"43,00","52,00","12,00","43,00","12,00",20220820,20220831,"28,34",20220910,37
3088611,"17,00","50,00","18,00","41,00","18,00",20220920,20220924,"43,3",20221009,1
3113198,"43,00","82,00","13,00","73,00","13,00",20220819,20220901,"28,68",20220920,14
3121661,"14,00","24,00","13,00","15,00","13,00",20220920,20220929,"99,49000000000001",20221009,68
1033571,"14,00","26,00","15,00","17,00","15,00",20220901,20220912,"28,93",20221009,28
3104408,"16,00","25,00","12,00","16,00","12,00",20220921,20220928,"113,7",20221009,41
3140115,"17,00","26,00","12,00","17,00","12,00",20220828,20220905,"75,53",20220918,1
3145035,"30,00","124,00","17,00","115,00","17,00",20220901,20220909,"25,34",20220918,24
3141405,"14,00","24,00","13,00","15,00","13,00",20220908,20220915,"98,84",20220918,98
3141435,"37,00","70,00","13,00","61,00","13,00",20220928,20221008,"22,19",20221015,77
3150802,"14,00","24,00","13,00","15,00","13,00",20220923,20221001,"51,22",20221015,41
3145561,"35,00","44,00","12,00","35,00","12,00",20220926,20220928,"26,47",20221015,89
3141346,"14,00","23,00","12,00","14,00","12,00",20220924,20220930,"113,88000000000001",20221009,73
3135916,"25,00","46,00","13,00","37,00","13,00",20220921,20220928,"26,91",20221009,48
3145561,"35,00","44,00","12,00","35,00","12,00",20220928,20221007,"26,47",20221009,69
3126419,"14,00","24,00","13,00","15,00","13,00",20220913,00000000,"97,31",20220918,55
3124362,"30,00","39,00","12,00","30,00","12,00",20220820,20220827,"24,39",20220910,94
3120308,"17,00","26,00","12,00","17,00","12,00",20220819,20220825,"46,06",20220910,14
3129894,"43,00","202,00","17,00","193,00","17,00",20220812,20220816,"30,4",20220910,11
3148499,"28,00","37,00","12,00","28,00","12,00",20220902,00000000,"28,08",20220910,65
3145561,"35,00","44,00","12,00","35,00","12,00",20220706,20220714,"26,8",20220719,98
3130411,"19,00","28,00","12,00","19,00","12,00",20220710,20220713,"31,32",20220719,73
3128676,"14,00","25,00","14,00","16,00","14,00",20220920,20220926,"35,379999999999995",20221009,31
2966373,"37,00","46,00","12,00","37,00","12,00",20220928,00000000,"26,509999999999998",20221009,20
3126028,"25,00","34,00","12,00","25,00","12,00",20220825,20220830,"24,79",20220910,92
3122460,"29,00","70,00","14,00","61,00","14,00",20220904,20220906,"23,8",20220910,94
3136647,"14,00","28,00","17,00","15,00","13,00",20220924,20220928,"37,129999999999995",20221009,103
3129440,"30,00","39,00","12,00","30,00","12,00",20220905,20220910,"27,14",20220920,18
3131285,"14,00","23,00","12,00","14,00","12,00",20220826,20220831,"232,24",20220920,107
2987764,"19,00","46,00","15,00","37,00","15,00",20220903,20220916,"24,66",20221009,102
3146062,"43,00","82,00","13,00","73,00","13,00",20220915,20220929,"25,36",20221009,21
3125797,"16,00","25,00","12,00","16,00","12,00",20220906,20220920,"83,81",20221009,25
3150991,"19,00","28,00","12,00","19,00","12,00",20220913,20220921,"53,5",20221009,81
3128885,"25,00","34,00","12,00","25,00","12,00",20220819,20220826,"26,47",20220908,21
3135916,"25,00","34,00","12,00","25,00","12,00",20220821,20220826,"26,83",20220918,53
3150200,"15,00","24,00","12,00","15,00","12,00",20220913,00000000,"67,83",20220918,21
3107083,"17,00","30,00","13,00","21,00","13,00",20220820,20220829,"42,81",20220918,58
3143835,"17,00","26,00","12,00","17,00","12,00",20220912,20220915,"29,240000000000002",20220918,111
3100157,"19,00","52,00","16,00","19,00","12,00",20220629,20220701,"42,620000000000005",20220719,5
3145736,"35,00","44,00","12,00","35,00","12,00",20221008,20221014,"26,79",20221015,16
3133492,"29,00","54,00","13,00","45,00","13,00",20220913,20220919,"24,4",20221009,32
3107553,"19,00","28,00","12,00","19,00","12,00",20220921,00000000,"30,5",20221009,96
3121730,"14,00","23,00","12,00","14,00","12,00",20220902,00000000,"107,97",20220910,56
3107553,"19,00","28,00","12,00","19,00","12,00",20220812,20220816,"30,48",20220910,71
3138925,"27,00","36,00","12,00","27,00","12,00",20220922,20220929,"24,7",20221004,8
3134935,"27,00","92,00","16,00","83,00","16,00",20220906,20220920,"23,94",20221004,35
3122460,"29,00","86,00","15,00","77,00","15,00",20220909,20220914,"23,85",20221009,63
3145035,"30,00","56,00","13,00","47,00","13,00",20220912,20220915,"25,46",20220920,62
3138006,"25,00","34,00","12,00","25,00","12,00",20220827,20220902,"39,97",20220920,14
3133157,"19,00","28,00","12,00","19,00","12,00",20220811,20220813,"31,68",20220910,43
3122460,"29,00","86,00","15,00","77,00","15,00",20220827,20220902,"24,63",20220910,58
3150780,"29,00","86,00","15,00","77,00","15,00",20221005,00000000,"25,7",20221009,101
3141652,"14,00","24,00","13,00","15,00","13,00",20220926,20220930,"70,08",20221009,85
3147405,"25,00","154,00","22,00","145,00","22,00",20220912,20220922,"25,689999999999998",20221009,9
1032156,"14,00","23,00","12,00","14,00","12,00",20220626,20220630,"34,84",20220719,3
3146933,"19,00","28,00","12,00","19,00","12,00",20220829,00000000,"31,53",20220909,29
3129489,"30,00","39,00","12,00","30,00","12,00",20220920,20111112,"25,97",20221015,39
3150860,"19,00","28,00","12,00","19,00","12,00",20221003,20221010,"27,5",20221015,111
3115625,"19,00","28,00","12,00","19,00","12,00",20220829,20220905,"44,6",20220908,1
3135916,"25,00","46,00","13,00","37,00","13,00",20220926,20220930,"26,91",20221009,54
3148499,"28,00","37,00","12,00","28,00","12,00",20220818,20220822,"30,65",20220910,10
3122537,"29,00","102,00","16,00","93,00","16,00",20220809,20220818,"24,63",20220910,58
1033571,"14,00","26,00","15,00","17,00","15,00",20220901,20220907,"28,93",20220910,18
3134935,"27,00","64,00","14,00","55,00","14,00",20220926,20221001,"23,94",20221004,28
3138925,"27,00","36,00","12,00","27,00","12,00",20220926,20220929,"24,44",20221004,106
3138925,"27,00","36,00","12,00","27,00","12,00",20220921,20220930,"24,19",20221004,90
3143937,"14,00","24,00","13,00","15,00","13,00",20220918,20220923,"157,09",20221004,59
3100447,"25,00","58,00","14,00","49,00","14,00",20220923,20220927,"24,27",20221004,80
3145479,"15,00","24,00","12,00","15,00","12,00",20221003,00000000,"112,78",20221009,29
3124528,"14,00","23,00","12,00","14,00","12,00",20220827,20220901,"103,04",20220910,88
3144695,"25,00","46,00","13,00","37,00","13,00",20220827,20220831,"25,45",20220910,70
2987764,"19,00","88,00","22,00","79,00","22,00",20220829,20220905,"25,33",20220910,42
3000096,"43,00","52,00","12,00","43,00","12,00",20220922,20221004,"22,27",20221005,46
3145806,"43,00","52,00","12,00","43,00","12,00",20220903,20220914,"27,509999999999998",20221005,35
1034229,"37,00","46,00","12,00","37,00","12,00",20220927,20220930,"30,3",20221005,16
3001752,"14,00","26,00","15,00","14,00","12,00",20220924,00000000,"101,77000000000001",20221009,46
3102367,"31,00","58,00","13,00","49,00","13,00",20220926,20220929,"22,98",20221009,49
3122537,"29,00","38,00","12,00","29,00","12,00",20220820,20220831,"23,82",20220910,61
3137033,"29,00","38,00","12,00","29,00","12,00",20220914,20220918,"23,03",20221015,39
3145035,"30,00","56,00","13,00","47,00","13,00",20220929,20221010,"25,06",20221015,114
3151576,"17,00","26,00","12,00","17,00","12,00",20220922,20220929,"46,56",20221015,31
2987764,"19,00","34,00","13,00","25,00","13,00",20220809,20220816,"24,67",20220908,36
3131848,"25,00","34,00","12,00","25,00","12,00",20220806,20220820,"29,45",20220908,91
2851568,"25,00","34,00","12,00","25,00","12,00",20220809,20220816,"32,28",20220908,11
3128885,"25,00","34,00","12,00","25,00","12,00",20220901,00000000,"27,939999999999998",20220908,104
3149410,"14,00","24,00","13,00","15,00","13,00",20220810,20220818,"264,49",20220908,82
3149743,"25,00","34,00","12,00","25,00","12,00",20220815,20220817,"36,66",20220908,14
3150765,"25,00","34,00","12,00","25,00","12,00",20220821,20220902,"39,629999999999995",20220914,13
3144903,"25,00","70,00","15,00","61,00","15,00",20220909,20220913,"24,56",20221004,26
1033147,"14,00","23,00","12,00","14,00","12,00",20220922,20220926,"29,740000000000002",20221004,48
3145736,"35,00","44,00","12,00","35,00","12,00",20220914,20220917,"26,47",20221004,44
3102562,"19,00","34,00","13,00","25,00","13,00",20220907,20220918,"62,459999999999994",20221004,86
1032128,"19,00","28,00","12,00","19,00","12,00",20220911,20220921,"28,41",20221009,113
1034904,"19,00","58,00","17,00","49,00","17,00",20220929,20221006,"27,55",20221009,31
3146780,"30,00","39,00","12,00","30,00","12,00",20220916,00000000,"25,67",20220920,108
3138006,"25,00","34,00","12,00","25,00","12,00",20220820,20220826,"50,370000000000005",20220920,32
3146889,"14,00","26,00","15,00","17,00","15,00",20220822,20220826,"150,26",20220910,89
3133492,"29,00","38,00","12,00","29,00","12,00",20220830,20220909,"23,74",20220910,99
2987764,"19,00","46,00","15,00","37,00","15,00",20221001,00000000,"25,2",20221009,103
3118963,"14,00","24,00","13,00","15,00","13,00",20220912,20220919,"117,52000000000001",20221005,107
3150801,"29,00","54,00","13,00","45,00","13,00",20220913,20220923,"24,17",20221009,68
2855533,"14,00","23,00","12,00","14,00","12,00",20220928,20221005,"61,269999999999996",20221009,34
1033956,"17,00","26,00","12,00","17,00","12,00",20220922,20221004,"40,519999999999996",20221009,113
3127531,"37,00","118,00","15,00","109,00","15,00",20220621,20220704,"27,72",20220719,71
2987764,"19,00","34,00","13,00","25,00","13,00",20220824,20220827,"24,67",20220909,63
3147753,"14,00","23,00","12,00","14,00","12,00",20220812,20220823,"42,25",20220909,66
3127531,"37,00","70,00","13,00","61,00","13,00",20221007,00000000,"27,78",20221015,87
3147425,"14,00","24,00","13,00","14,00","12,00",20220924,20221005,"91,16",20221015,15
3132860,"14,00","26,00","15,00","17,00","15,00",20220927,20221008,"106,82000000000001",20221015,13
3128885,"25,00","34,00","12,00","25,00","12,00",20220918,20220927,"26,57",20221015,60
3142323,"19,00","28,00","12,00","19,00","12,00",20221005,00000000,"37,22",20221015,96
3150050,"17,00","26,00","12,00","17,00","12,00",20220929,20221004,"68,27",20221009,95
3135582,"19,00","28,00","12,00","19,00","12,00",20220910,20220916,"33,67",20221009,28
3147369,"37,00","46,00","12,00","37,00","12,00",20220912,20220930,"24,93",20221009,87
3137984,"14,00","25,00","14,00","16,00","14,00",20220910,20220929,"112,03",20221009,84
2851568,"25,00","166,00","23,00","109,00","19,00",20221005,20221007,"32,26",20221009,1
3142049,"17,00","26,00","12,00","17,00","12,00",20220901,20220905,"33,89",20220910,10
3135582,"19,00","28,00","12,00","19,00","12,00",20220907,00000000,"33,67",20220914,38
3127531,"37,00","118,00","15,00","109,00","15,00",20220907,20220914,"27,77",20221004,47
3135888,"25,00","34,00","12,00","25,00","12,00",20220927,20221003,"33,78",20221004,31
3111642,"14,00","26,00","15,00","17,00","15,00",20220921,00000000,"107,0",20221004,46
3127531,"37,00","46,00","12,00","37,00","12,00",20220915,20220930,"26,39",20221009,65
2997660,"14,00","23,00","12,00","14,00","12,00",20220907,20220914,"63,33",20220920,82
2855533,"14,00","23,00","12,00","14,00","12,00",20220831,20220908,"59,44",20220920,38
2886287,"28,00","37,00","12,00","28,00","12,00",20220904,00000000,"22,77",20220910,50
3146889,"14,00","31,00","20,00","22,00","20,00",20220813,20220824,"114,41",20220910,20
3146015,"16,00","25,00","12,00","16,00","12,00",20220820,20220901,"38,89",20220910,46
3139737,"61,00","70,00","12,00","61,00","12,00",20220828,20220903,"28,009999999999998",20220910,24
3099188,"31,00","58,00","13,00","49,00","13,00",20220926,20220929,"23,05",20221009,62
3137984,"14,00","27,00","16,00","18,00","16,00",20220907,20220912,"143,53",20221009,23
3150801,"29,00","326,00","30,00","317,00","30,00",20220924,20220929,"24,91",20221005,8
3137301,"25,00","70,00","15,00","61,00","15,00",20220919,20220926,"22,33",20221005,41
3144862,"25,00","34,00","12,00","25,00","12,00",20220927,20221007,"24,77",20221009,12
3152081,"14,00","23,00","12,00","14,00","12,00",20220923,20220927,"178,41",20221009,25
3122536,"29,00","38,00","12,00","29,00","12,00",20220922,20221005,"24,49",20221009,15
3116717,"19,00","46,00","15,00","37,00","15,00",20220916,20220923,"35,86",20221009,41
3109862,"30,00","243,00","24,00","234,00","24,00",20220825,20220830,"24,4",20220910,23
3137164,"16,00","25,00","12,00","16,00","12,00",20220624,20220628,"54,31999999999999",20220719,80
2849648,"19,00","28,00","12,00","0,00","0,00",20220703,00000000,"26,240000000000002",20220719,3
2992102,"25,00","34,00","12,00","25,00","12,00",20220706,20220711,"30,04",20220719,7
3125856,"16,00","28,00","13,00","19,00","13,00",20220827,20220903,"94,61",20220909,48
3122537,"29,00","54,00","13,00","45,00","13,00",20221008,20221014,"24,62",20221015,28
3109948,"30,00","124,00","17,00","115,00","17,00",20220907,20220913,"24,4",20221015,39
3150802,"14,00","24,00","13,00","15,00","13,00",20220923,20221005,"51,230000000000004",20221015,61
3133157,"19,00","28,00","12,00","19,00","12,00",20221007,00000000,"31,71",20221015,13
3124984,"19,00","28,00","12,00","19,00","12,00",20221001,20221011,"32,55",20221015,35
3133258,"25,00","34,00","12,00","25,00","12,00",20220820,20220824,"25,81",20220908,7
3134914,"14,00","24,00","13,00","15,00","13,00",20220914,20220924,"109,58",20221009,105
3142338,"25,00","34,00","12,00","25,00","12,00",20220922,20220929,"26,259999999999998",20221009,57
3124362,"30,00","107,00","16,00","98,00","16,00",20220902,20220910,"25,61",20221009,9
3128728,"14,00","23,00","12,00","14,00","12,00",20220919,20220922,"185,14000000000001",20221009,92
3114308,"28,00","37,00","12,00","28,00","12,00",20220914,20220923,"26,0",20221019,35
2954859,"25,00","34,00","12,00","25,00","12,00",20220918,20220924,"24,63",20221019,23
1033558,"15,00","24,00","12,00","15,00","12,00",20220720,20220726,"44,6",20220805,42
3113198,"43,00","322,00","21,00","313,00","21,00",20220719,20220726,"30,83",20220805,11
2849581,"14,00","23,00","12,00","14,00","12,00",20220728,20220804,"98,59",20220805,91
2986161,"25,00","34,00","12,00","25,00","12,00",20220706,20220713,"35,68",20220805,3
3146780,"30,00","39,00","12,00","30,00","12,00",20220926,20221007,"27,17",20221019,29
3127498,"19,00","28,00","12,00","19,00","12,00",20221017,00000000,"47,29",20221019,100
996581,"14,00","28,00","17,00","19,00","17,00",20221012,00000000,"35,11",20221019,31
3136911,"19,00","28,00","12,00","19,00","12,00",20220825,20220903,"34,730000000000004",20220906,108
3118693,"14,00","23,00","12,00","14,00","12,00",20220813,20220820,"104,42",20220906,60
3128145,"19,00","28,00","12,00","19,00","12,00",20220821,20220827,"45,370000000000005",20220906,60
2987764,"19,00","34,00","13,00","25,00","13,00",20220809,20220816,"24,67",20220906,36
3111590,"15,00","24,00","12,00","15,00","12,00",20220919,20220930,"159,17000000000002",20221019,98
2853142,"23,00","32,00","12,00","23,00","12,00",20220922,20220928,"25,04",20221019,61
3150792,"14,00","24,00","13,00","14,00","12,00",20221005,20221007,"62,69",20221019,16
3109861,"30,00","73,00","14,00","64,00","14,00",20220713,20220723,"24,07",20220805,64
3109861,"30,00","226,00","23,00","81,00","15,00",20220802,00000000,"24,28",20220805,59
1033190,"17,00","26,00","12,00","17,00","12,00",20220731,00000000,"40,03",20220805,60
3128894,"14,00","23,00","12,00","14,00","12,00",20221006,00000000,"93,58",20221019,21
3149578,"25,00","34,00","12,00","25,00","12,00",20220926,20221009,"25,77",20221019,13
1032174,"14,00","23,00","12,00","14,00","12,00",20220707,20220713,"44,980000000000004",20220805,18
3150865,"29,00","358,00","32,00","349,00","32,00",20221013,00000000,"24,18",20221019,13
3001753,"14,00","23,00","12,00","14,00","12,00",20220929,20221007,"102,08",20221019,41
3107553,"19,00","28,00","12,00","19,00","12,00",20220918,20220922,"29,990000000000002",20221019,11
3129884,"43,00","232,00","18,00","223,00","18,00",20220803,20220810,"31,04",20220904,27
2987764,"19,00","34,00","13,00","25,00","13,00",20220718,20220721,"25,5",20220805,58
2988827,"25,00","34,00","12,00","25,00","12,00",20220704,20220726,"25,990000000000002",20220805,23
1032167,"14,00","24,00","13,00","15,00","13,00",20220719,20220725,"29,53",20220805,82
3134935,"27,00","50,00","13,00","41,00","13,00",20221013,00000000,"24,03",20221019,42
3109861,"30,00","73,00","14,00","64,00","14,00",20220918,20220928,"24,36",20221019,61
3109862,"30,00","124,00","17,00","115,00","17,00",20220926,20221004,"25,34",20221019,38
2947674,"25,00","46,00","13,00","37,00","13,00",20220806,20220813,"23,24",20220906,33
3127531,"37,00","46,00","12,00","37,00","12,00",20220820,20220824,"27,759999999999998",20220906,66
3109717,"19,00","28,00","12,00","19,00","12,00",20220810,20220819,"42,35",20220906,21
3133776,"14,00","24,00","13,00","15,00","13,00",20220728,00000000,"57,09",20220805,4
3122536,"29,00","38,00","12,00","29,00","12,00",20220726,20220804,"24,29",20220805,114
3136061,"23,00","32,00","12,00","23,00","12,00",20220715,20220721,"25,740000000000002",20220805,14
3100062,"25,00","46,00","13,00","37,00","13,00",20220715,20220720,"29,11",20220805,27
3142293,"19,00","34,00","13,00","25,00","13,00",20220719,20220723,"36,44",20220805,35
3130411,"19,00","28,00","12,00","19,00","12,00",20220704,20220715,"31,29",20220805,103
3137270,"25,00","46,00","13,00","37,00","13,00",20220713,20220727,"43,61",20220805,95
3108445,"21,00","38,00","13,00","29,00","13,00",20220704,20220708,"43,84",20220805,27
3135879,"31,00","40,00","12,00","31,00","12,00",20220924,20220930,"23,06",20221019,54
3145561,"35,00","44,00","12,00","35,00","12,00",20220929,20221003,"26,47",20221019,49
3111866,"17,00","26,00","12,00","17,00","12,00",20221016,00000000,"47,370000000000005",20221019,57
2944672,"19,00","28,00","12,00","19,00","12,00",20220819,20220831,"25,009999999999998",20220906,68
2851568,"25,00","34,00","12,00","25,00","12,00",20220820,20220825,"32,28",20220906,69
1032368,"19,00","28,00","12,00","19,00","12,00",20220826,00000000,"27,78",20220906,1
3147514,"18,00","27,00","12,00","18,00","12,00",20220925,20220927,"39,379999999999995",20221019,25
3122536,"29,00","38,00","12,00","29,00","12,00",20220921,20220930,"23,86",20221019,22
3136689,"25,00","46,00","13,00","37,00","13,00",20220928,20221006,"31,39",20221019,33
3145561,"35,00","44,00","12,00","0,00","0,00",20221003,00000000,"26,21",20221019,72
3129054,"25,00","34,00","12,00","25,00","12,00",20221004,00000000,"28,42",20221019,75
3100447,"25,00","34,00","12,00","25,00","12,00",20220922,20220930,"24,08",20221019,54
3141435,"37,00","70,00","13,00","61,00","13,00",20221003,20221011,"22,21",20221019,69
3144660,"25,00","46,00","13,00","25,00","12,00",20220922,20220927,"25,15",20221019,80
3135916,"25,00","46,00","13,00","37,00","13,00",20220926,20220929,"26,91",20221019,26
2950512,"25,00","34,00","12,00","25,00","12,00",20221003,20221018,"24,84",20221019,90
3138170,"14,00","23,00","12,00","14,00","12,00",20221010,20221018,"54,59",20221019,24
3109948,"30,00","124,00","17,00","115,00","17,00",20220719,20220729,"25,15",20220805,37
3126808,"14,00","24,00","13,00","15,00","13,00",20220706,20220718,"122,2",20220805,105
3139904,"19,00","28,00","12,00","19,00","12,00",20220714,20220723,"27,7",20220805,46
3100447,"25,00","58,00","14,00","49,00","14,00",20220708,20220714,"23,92",20220805,9
3126144,"16,00","37,00","16,00","28,00","16,00",20220729,20220804,"58,849999999999994",20220805,17
3126112,"25,00","34,00","12,00","25,00","12,00",20220710,20220713,"28,45",20220805,73
3109862,"30,00","56,00","13,00","47,00","13,00",20220926,20220929,"25,55",20221019,74
3122537,"29,00","54,00","13,00","45,00","13,00",20221015,00000000,"23,82",20221019,113
3110653,"19,00","28,00","12,00","19,00","12,00",20220916,20220929,"24,33",20221019,34
3136675,"29,00","310,00","29,00","301,00","29,00",20220705,20220721,"24,58",20220805,23
3134543,"25,00","34,00","12,00","25,00","12,00",20220927,20221007,"44,67",20221019,12
2946991,"25,00","58,00","14,00","49,00","14,00",20220810,20220817,"23,73",20220904,40
3145006,"29,00","38,00","12,00","29,00","12,00",20220728,20220804,"30,25",20220805,33
1033614,"15,00","24,00","12,00","15,00","12,00",20220704,20220709,"40,85",20220805,48
1033600,"15,00","24,00","12,00","15,00","12,00",20220708,20220716,"44,6",20220805,14
3129894,"43,00","202,00","17,00","193,00","17,00",20220704,20220713,"29,98",20220805,35
3137222,"25,00","34,00","12,00","25,00","12,00",20220714,20220720,"41,739999999999995",20220805,35
3145760,"25,00","34,00","12,00","25,00","12,00",20221013,20221018,"25,49",20221019,83
3109862,"30,00","192,00","21,00","183,00","21,00",20220823,00000000,"24,38",20220906,46
3121863,"14,00","26,00","15,00","17,00","15,00",20220820,20220827,"79,69",20220906,17
3122490,"29,00","38,00","12,00","29,00","12,00",20220827,20220903,"24,56",20220906,34
3149272,"19,00","28,00","12,00","19,00","12,00",20220720,20220725,"26,58",20220805,52
1032195,"19,00","28,00","12,00","19,00","12,00",20220718,20220722,"25,88",20220805,9
3114799,"14,00","29,00","18,00","20,00","18,00",20221004,00000000,"152,63",20221019,21
3144660,"25,00","34,00","12,00","25,00","12,00",20220921,20220930,"24,58",20221019,60
3133258,"25,00","34,00","12,00","25,00","12,00",20220927,00000000,"24,6",20221019,65
3118491,"14,00","26,00","15,00","17,00","15,00",20221005,00000000,"64,64",20221019,97
3139111,"14,00","23,00","12,00","14,00","12,00",20220924,20221008,"265,28",20221019,46
3148470,"19,00","28,00","12,00","19,00","12,00",20220822,20220831,"26,32",20220906,11
3129894,"43,00","652,00","32,00","643,00","32,00",20220902,20220909,"30,52",20221019,10
3127531,"37,00","310,00","23,00","301,00","23,00",20220926,20221007,"27,8",20221019,29
3146786,"19,00","28,00","12,00","19,00","12,00",20220915,20220928,"25,46",20221019,110
2989715,"14,00","26,00","15,00","17,00","15,00",20221014,20221018,"64,45",20221019,44
3100448,"37,00","46,00","12,00","37,00","12,00",20220926,20220930,"24,68",20221019,69
2864449,"37,00","118,00","15,00","109,00","15,00",20221016,00000000,"27,12",20221019,29
3107553,"19,00","28,00","12,00","19,00","12,00",20220919,20220923,"30,490000000000002",20221019,85
3113732,"37,00","934,00","49,00","925,00","49,00",20221004,20221010,"23,1",20221019,12
3137790,"25,00","34,00","12,00","25,00","12,00",20220713,20220730,"30,09",20220805,43
3145851,"14,00","24,00","13,00","15,00","13,00",20220709,20220719,"124,35000000000001",20220805,40
3118764,"19,00","28,00","12,00","19,00","12,00",20220722,20220726,"30,54",20220805,9
2855533,"14,00","23,00","12,00","0,00","0,00",20220721,00000000,"52,489999999999995",20220805,34
2992102,"25,00","34,00","12,00","25,00","12,00",20220709,20220722,"29,869999999999997",20220805,56
3132839,"23,00","32,00","12,00","23,00","12,00",20220830,20220903,"22,49",20220906,80
3122537,"29,00","86,00","15,00","77,00","15,00",20220831,00000000,"24,25",20220906,32
3113746,"109,00","2230,00","34,00","2221,00","34,00",20221004,20221010,"23,43",20221019,62
3149268,"52,00","61,00","12,00","52,00","12,00",20221009,20221013,"26,98",20221019,92
1032385,"19,00","28,00","12,00","19,00","12,00",20220918,20220922,"29,009999999999998",20221019,3
3135802,"21,00","30,00","12,00","21,00","12,00",20220920,20220926,"55,040000000000006",20221019,63
2886222,"33,00","42,00","12,00","33,00","12,00",20220702,20220722,"30,77",20220805,54
3144970,"29,00","38,00","12,00","29,00","12,00",20220809,20220813,"31,14",20220904,44
2987764,"19,00","88,00","22,00","79,00","22,00",20220824,20220831,"25,64",20220904,86
3116789,"14,00","23,00","12,00","14,00","12,00",20220808,20220812,"98,88000000000001",20220904,28
2998526,"19,00","28,00","12,00","19,00","12,00",20220725,20220731,"37,46",20220805,105
3134042,"19,00","28,00","12,00","19,00","12,00",20220801,00000000,"27,86",20220805,38
2974533,"14,00","23,00","12,00","14,00","12,00",20220917,20221004,"95,44",20221019,46
3136682,"29,00","38,00","12,00","29,00","12,00",20220831,00000000,"24,19",20220906,67
3147525,"14,00","23,00","12,00","14,00","12,00",20220813,20220817,"119,0",20220906,101
3138078,"19,00","28,00","12,00","19,00","12,00",20220705,20220714,"28,05",20220805,64
1032032,"14,00","23,00","12,00","0,00","0,00",20220718,00000000,"37,96",20220805,38
3135916,"25,00","34,00","12,00","25,00","12,00",20220728,20220803,"26,79",20220805,76
3125914,"28,00","37,00","12,00","28,00","12,00",20220722,20220727,"25,12",20220805,73
3137270,"25,00","46,00","13,00","37,00","13,00",20220726,20220801,"43,61",20220805,68
3151345,"31,00","58,00","13,00","49,00","13,00",20220926,20221001,"22,99",20221019,18
3116320,"25,00","46,00","13,00","37,00","13,00",20220930,20221014,"24,44",20221019,4
3126419,"14,00","24,00","13,00","15,00","13,00",20220919,20220923,"97,64",20221019,95
3133492,"29,00","38,00","12,00","29,00","12,00",20220912,20220915,"24,62",20221019,88
3141435,"37,00","46,00","12,00","37,00","12,00",20221013,20221018,"21,97",20221019,63
2987764,"19,00","28,00","12,00","19,00","12,00",20220921,20221001,"25,17",20221019,101
3133776,"14,00","25,00","14,00","15,00","13,00",20221003,20221006,"70,93",20221019,49
3130733,"19,00","28,00","12,00","19,00","12,00",20221006,00000000,"31,96",20221019,61
3127458,"19,00","28,00","12,00","19,00","12,00",20220914,20220919,"45,57",20221019,19
3125449,"19,00","28,00","12,00","19,00","12,00",20221013,20221018,"49,07",20221019,74
3121712,"14,00","23,00","12,00","14,00","12,00",20220705,20220711,"81,68",20220805,33
3135379,"17,00","26,00","12,00","17,00","12,00",20220724,00000000,"102,83",20220805,115
3129240,"25,00","34,00","12,00","25,00","12,00",20220714,20220721,"23,88",20220805,24
3129894,"43,00","1342,00","55,00","613,00","31,00",20220917,20220924,"30,8",20221019,1
3144570,"25,00","58,00","14,00","49,00","14,00",20220921,20220927,"25,15",20221019,80
2851568,"25,00","58,00","14,00","49,00","14,00",20220927,20220929,"32,28",20221019,16
3145241,"25,00","34,00","12,00","25,00","12,00",20220914,20221013,"23,509999999999998",20221019,84
3135879,"31,00","58,00","13,00","49,00","13,00",20221010,00000000,"23,09",20221019,71
2989716,"14,00","23,00","12,00","14,00","12,00",20221005,00000000,"53,68000000000001",20221019,96
3136765,"14,00","23,00","12,00","14,00","12,00",20221004,20221014,"49,67",20221019,37
3146456,"19,00","28,00","12,00","19,00","12,00",20220807,20220812,"60,14",20220904,101
1033177,"19,00","28,00","12,00","19,00","12,00",20220824,20220829,"29,35",20220904,24
3125797,"16,00","28,00","13,00","19,00","13,00",20220716,20220727,"88,3",20220805,17
